-- phpMyAdmin SQL Dump
-- version 5.1.0
-- https://www.phpmyadmin.net/
--
-- Host: 127.0.0.1
-- Generation Time: Nov 18, 2025 at 06:03 AM
-- Server version: 10.4.18-MariaDB
-- PHP Version: 8.0.3

SET SQL_MODE = "NO_AUTO_VALUE_ON_ZERO";
START TRANSACTION;
SET time_zone = "+00:00";


/*!40101 SET @OLD_CHARACTER_SET_CLIENT=@@CHARACTER_SET_CLIENT */;
/*!40101 SET @OLD_CHARACTER_SET_RESULTS=@@CHARACTER_SET_RESULTS */;
/*!40101 SET @OLD_COLLATION_CONNECTION=@@COLLATION_CONNECTION */;
/*!40101 SET NAMES utf8mb4 */;

--
-- Database: `exel`
--

-- --------------------------------------------------------

--
-- Table structure for table `categories`
--

CREATE TABLE `categories` (
  `id` int(11) NOT NULL,
  `parent_id` int(11) DEFAULT NULL,
  `name` varchar(255) NOT NULL,
  `image` varchar(255) DEFAULT NULL,
  `description` text DEFAULT NULL
) ENGINE=InnoDB DEFAULT CHARSET=latin1;

--
-- Dumping data for table `categories`
--

INSERT INTO `categories` (`id`, `parent_id`, `name`, `image`, `description`) VALUES
(1, NULL, 'Natural Stones', 'uploads/categories/NS-banner.jpg', NULL),
(2, 1, 'Marble', 'uploads/categories/hilton14.jpg', 'Timeless and elegant, natural marble is a symbol of luxury and sophistication. Formed over millions of years, each slab carries unique veining, textures, and colors that make every piece one of a kind. Renowned for its beauty and durability, marble is perfect for flooring, countertops, wall cladding, and decorative accents. Whether in classic or contemporary spaces, natural marble adds unmatched charm and value to any interior or exterior design.					'),
(3, 1, 'Granite', 'uploads/categories/1758887452_hi.jpg', 'Granite is one of the most durable and timeless natural stones, widely admired for its strength, elegance, and versatility. Formed over millions of years, granite offers unique patterns and rich color variations that make every slab one of a kind. Its resistance to heat, scratches, and stains makes it an ideal choice for countertops, flooring, wall cladding, and outdoor applications. Whether you are creating a modern or classic look, natural granite adds lasting beauty and value to any space.'),
(4, 1, 'Travertine', 'uploads/categories/travertine.jpg', 'Limestone is a timeless natural stone admired for its soft, earthy tones and elegant textures. Formed over millions of years, it brings a warm and organic charm to any space. Its versatility makes it ideal for wall cladding. Durable yet refined, limestone adds a natural sophistication, perfectly blending modern design with classic beauty.'),
(5, 1, 'Lime Stones', 'uploads/categories/3509c955c20bd8c399ce9445f8a2c71e.jpg', 'Limestone is a timeless natural stone admired for its soft, earthy tones and elegant textures. Formed over millions of years, it brings a warm and organic charm to any space. Its versatility makes it ideal for wall cladding. Durable yet refined, limestone adds a natural sophistication, perfectly blending modern design with classic beauty.		'),
(6, 1, 'Slate', 'uploads/categories/slate.png', 'Slate is a fine-grained natural stone known for its elegant textures and earthy tones. With its unique layered surface, slate adds timeless character to both interior and exterior spaces. it is an ideal choice for flooring, wall cladding and landscaping. Its versatility and rich color variations make slate a perfect blend of beauty and practicality for modern and traditional designs alike.'),
(7, 1, 'Onyx', 'uploads/categories/onyx.jpg', 'Onyx is a rare and luxurious stone admired for its striking beauty and unique translucence. With bold patterns and rich colors ranging from soft pastels to deep, dramatic shades, onyx brings an unmatched elegance to interiors. Perfect for countertops and wall features. this natural stone transforms spaces with its timeless appeal. Its luminous quality, especially when backlit, makes it a favorite choice for those seeking sophistication and exclusivity'),
(8, 1, 'Natural Pool Tiles(Sukabumi)', 'uploads/categories/Sukabumi.jpg', 'Enhance your swimming experience with natural pool tiles that blend beauty. Crafted from high-quality natural stone, these tiles bring a touch of elegance and tranquility to any pool setting. Their unique textures and cooling effect make them both stylish and practical, ensuring a safe and luxurious finish that harmonizes perfectly with water and nature.'),
(10, 1, 'Natural Pool Tiles(Green Slate)', 'uploads/categories/green.jpg', 'Enhance your swimming experience with natural pool tiles that blend beauty. Crafted from high-quality natural stone, these tiles bring a touch of elegance and tranquility to any pool setting. Their unique textures and cooling effect make them both stylish and practical, ensuring a safe and luxurious finish that harmonizes perfectly with water and nature.'),
(11, 1, 'Sand Stones', 'uploads/categories/sand-stones.jpg', 'Sandstone is a timeless natural stone admired for its warm textures and earthy tones. Formed over millions of years, it is durable yet versatile, making it ideal for both interior and exterior applications. From elegant flooring and wall cladding to outdoor paving and landscaping, sandstone adds a natural charm and sophistication to any space. With its unique grains and shades, each piece tells a story of nature\'s artistry, creating spaces that are both stylish and enduring.					'),
(12, 1, 'Natural Mosaic', 'uploads/categories/natural-mosaic.jpg', 'Enhance your interiors with the timeless beauty of natural mosaics. Crafted from carefully selected stones, each mosaic piece reflects unique textures, patterns, and colors, bringing elegance and character to any space. Perfect for walls, floors, and decorative accents, natural mosaics combine durability with artistic appeal, transforming ordinary surfaces into stunning focal points.'),
(13, 1, 'Natural Stones Water Jet Designs', 'uploads/categories/water-jet.jpg', 'Transform your spaces with the elegance of natural stone water jet designs. Our precision-cut patterns bring together artistry and craftsmanship, turning marble, granite, and other natural stones into stunning, bespoke flooring, wall, and decorative features. Each design is uniquely crafted to enhance the beauty of your interiors and exteriors, offering timeless sophistication and a touch of luxury.'),
(14, NULL, 'Engineered Stones', 'uploads/categories/K.jpg', NULL),
(15, 14, 'Engineered Quartz', 'uploads/categories/engineer.jpg', 'Engineered quartz is a premium, durable surface material made from natural quartz. Renowned for its strength, less absobtion surface, and low maintenance, it offers a sleek, modern look for kitchens, bathrooms, and commercial spaces. Available in a wide range of colors and patterns, engineered quartz delivers both style and functionality, making it an ideal choice for long-lasting, elegant surfaces.'),
(16, 14, 'Engineered Marble', 'uploads/categories/K.jpg', 'Engineered marble combines the timeless beauty of natural stone with modern durability and versatility. Crafted from crushed marble and resin, it offers a smooth, non-porous surface that is resistant to stains, scratches, and heat. Ideal for countertops, flooring, and wall cladding, engineered marble delivers elegant aesthetics with low maintenance, making it a perfect choice for both residential and commercial spaces.'),
(17, NULL, 'Adhesive & Grout & Industrial Flooring', 'uploads/categories/1758886364_KALINGA-1-compressed.jpg', NULL),
(18, 17, 'Adhesive', 'uploads/categories/1758886364_KALINGA-1-compressed.jpg', NULL),
(19, 17, 'Epoxy Grout', 'uploads/categories/1758886364_KALINGA-1-compressed.jpg', NULL),
(20, 17, 'Normal Grout', 'uploads/categories/1758886364_KALINGA-1-compressed.jpg', NULL),
(21, 17, 'Epoxy Flooring', 'uploads/categories/1758886364_KALINGA-1-compressed.jpg', NULL),
(22, 17, 'Imprignator', 'uploads/categories/1758886364_KALINGA-1-compressed.jpg', NULL),
(23, NULL, 'Engineering Services', 'uploads/categories/1758886364_KALINGA-1-compressed.jpg', NULL),
(24, 23, 'Installation', 'uploads/categories/1758886364_KALINGA-1-compressed.jpg', NULL),
(25, 23, 'Floor Restoration', 'uploads/categories/1758886364_KALINGA-1-compressed.jpg', NULL),
(26, NULL, 'Tiles', 'uploads/categories/standard-tiles.jpg', NULL),
(27, NULL, 'Mosaics', 'uploads/categories/Mosaicbanner.png', NULL),
(28, 26, 'Standard Range', 'uploads/categories/standard-tiles.jpg', NULL),
(29, 26, 'Project Range', 'uploads/categories/project-range.jpg', NULL),
(30, 27, 'Designer Range', 'uploads/categories/Mosaicbanner.png', NULL),
(31, 27, 'Project Range', 'uploads/categories/1758886364_KALINGA-1-compressed.jpg', NULL),
(32, NULL, 'Complete Solutions', 'uploads/categories/bath_solution.jpg', NULL),
(33, 32, 'SANITARYWARE', NULL, NULL),
(34, 32, 'FAUCETS & SHOWERS', NULL, NULL),
(35, 32, 'WATER HEATER', NULL, NULL),
(36, 32, 'WELLNESS', NULL, NULL),
(37, 32, 'WASHROOM ACCESSORIES', NULL, NULL);

-- --------------------------------------------------------

--
-- Table structure for table `category_filters`
--

CREATE TABLE `category_filters` (
  `id` int(11) NOT NULL,
  `category_id` int(11) NOT NULL,
  `filter_id` int(11) NOT NULL
) ENGINE=InnoDB DEFAULT CHARSET=latin1;

--
-- Dumping data for table `category_filters`
--

INSERT INTO `category_filters` (`id`, `category_id`, `filter_id`) VALUES
(26, 2, 1),
(27, 2, 2),
(28, 2, 3),
(29, 3, 1),
(30, 3, 2),
(31, 3, 3),
(32, 4, 1),
(33, 4, 2),
(35, 4, 3),
(34, 4, 4),
(36, 5, 1),
(37, 5, 2),
(38, 5, 3),
(39, 6, 1),
(40, 6, 2),
(41, 6, 3),
(42, 7, 1),
(43, 7, 2),
(44, 7, 3),
(45, 8, 1),
(46, 8, 2),
(47, 8, 3),
(51, 10, 1),
(52, 10, 2),
(53, 10, 3),
(54, 14, 1),
(55, 14, 2),
(56, 14, 4),
(57, 15, 1),
(58, 15, 2),
(59, 15, 4),
(60, 16, 1),
(61, 16, 2),
(62, 16, 4);

-- --------------------------------------------------------

--
-- Table structure for table `filters`
--

CREATE TABLE `filters` (
  `id` int(11) NOT NULL,
  `name` varchar(100) NOT NULL,
  `filter_type` varchar(50) DEFAULT NULL
) ENGINE=InnoDB DEFAULT CHARSET=latin1;

--
-- Dumping data for table `filters`
--

INSERT INTO `filters` (`id`, `name`, `filter_type`) VALUES
(1, 'Sizes', 'sizes'),
(2, 'Finishes', 'finishes'),
(3, 'Aesthetic Effect', 'aesthetic'),
(4, 'Applications', 'applications'),
(5, 'Effect', 'effect'),
(6, 'Technology', 'technology'),
(7, 'Area', 'area'),
(8, 'Chip Size', 'chip_size');

-- --------------------------------------------------------

--
-- Table structure for table `filter_options`
--

CREATE TABLE `filter_options` (
  `id` int(11) NOT NULL,
  `filter_id` int(11) NOT NULL,
  `value` varchar(100) NOT NULL
) ENGINE=InnoDB DEFAULT CHARSET=latin1;

--
-- Dumping data for table `filter_options`
--

INSERT INTO `filter_options` (`id`, `filter_id`, `value`) VALUES
(1, 1, '600 x 300'),
(2, 1, '600 x 600'),
(3, 1, '900 x 600'),
(4, 1, '1200 x 600'),
(5, 1, '1200 x 1200'),
(6, 1, '1000 x 1000'),
(7, 1, 'Slabs'),
(8, 2, 'Polished'),
(9, 2, 'Honed'),
(10, 2, 'Fluted'),
(11, 2, 'Scorched'),
(12, 2, 'Chiseled'),
(13, 2, 'Tumbled'),
(14, 3, 'Filled - Cross Cut'),
(15, 3, 'Filled - Vein Cut'),
(16, 3, 'Unfilled - Cross Cut'),
(17, 3, 'Unfilled - Vein Cut'),
(18, 4, 'Outdoor'),
(19, 4, 'Indoor'),
(20, 4, 'Wet Area'),
(21, 4, 'Wall'),
(22, 4, 'Floor'),
(23, 4, 'Counter Tops'),
(24, 2, 'GLOSSY'),
(25, 2, 'MATT'),
(26, 2, 'MATT-X0'),
(27, 2, 'S.MATT'),
(28, 2, 'MATT-P3'),
(29, 2, 'SATIN MATT'),
(30, 2, 'MATT-R11'),
(31, 2, 'CARVING'),
(32, 2, 'POLISHED'),
(34, 1, '600 x 1200'),
(35, 1, '600 x 1600'),
(36, 6, 'FULL BODY'),
(37, 6, 'GLAZED VITRIFIED PORCELAIN'),
(38, 5, 'MONO COLOR'),
(39, 5, 'MARBLE'),
(40, 5, 'STONE'),
(41, 5, 'CEMENT'),
(42, 5, 'DECOR'),
(43, 5, 'WOOD'),
(44, 7, 'WALL'),
(45, 7, 'FLOOR'),
(46, 1, '800 x 1600'),
(47, 1, '200 x 1200'),
(48, 8, '2.5 x 2.5 CM'),
(49, 8, '2.5 x 2.5 CM HEXA'),
(50, 8, '2.5 x 2.5 HEXA'),
(51, 8, '5.0 x 5.0 CM'),
(52, 2, 'GLOSS'),
(53, 2, 'POLISH'),
(54, 2, 'RAINBOW'),
(55, 2, 'QUARTZ '),
(56, 2, 'MIST '),
(57, 1, '327 x 327'),
(58, 1, '303 x 275'),
(59, 1, '303 x 275'),
(60, 1, '304 x 304 '),
(61, 1, '300 x 300'),
(62, 1, '100 x 100');

-- --------------------------------------------------------

--
-- Table structure for table `jaquar-categories`
--

CREATE TABLE `jaquar-categories` (
  `id` int(11) NOT NULL,
  `parent_id` int(11) DEFAULT NULL,
  `name` varchar(255) NOT NULL,
  `image` varchar(255) DEFAULT NULL
) ENGINE=InnoDB DEFAULT CHARSET=latin1;

--
-- Dumping data for table `jaquar-categories`
--

INSERT INTO `jaquar-categories` (`id`, `parent_id`, `name`, `image`) VALUES
(1, NULL, 'SANITARYWARE', 'uploads/categories/bath_solution.jpg'),
(2, NULL, 'FAUCETS & SHOWERS', 'uploads/categories/bath_solution.jpg'),
(3, NULL, 'WATER HEATER', 'uploads/categories/bath_solution.jpg'),
(4, NULL, 'WELLNESS', 'uploads/categories/bath_solution.jpg'),
(5, NULL, 'WASHROOM ACCESSORIES', 'uploads/categories/bath_solution.jpg'),
(6, 1, 'WASHBASINS ', 'uploads/categories/bath_solution.jpg'),
(7, 1, 'WATER CLOSET', 'uploads/categories/bath_solution.jpg'),
(8, 1, 'URINALS', 'uploads/categories/bath_solution.jpg'),
(9, 2, 'FAUCETS', 'uploads/categories/bath_solution.jpg'),
(10, 2, 'SHOWER MIXERS', 'uploads/categories/bath_solution.jpg'),
(11, 2, 'SHOWERS', 'uploads/categories/bath_solution.jpg'),
(12, 2, 'BATH ACCESSORIES', 'uploads/categories/bath_solution.jpg'),
(13, 4, 'BATHTUBS', 'uploads/categories/bath_solution.jpg'),
(14, 6, 'UNDER COUNTER', 'uploads/categories/2148778659.jpg'),
(15, 6, 'SEMI RECESSED', 'uploads/categories/bath_solution.jpg'),
(16, 6, 'TABLE TOP', 'uploads/categories/2148818495.jpg'),
(17, 6, 'COUNTER TOP', 'uploads/categories/bath_solution.jpg'),
(18, 6, 'PEDESTAL TYPE', 'uploads/categories/bath_solution.jpg'),
(19, 6, 'CORNER WB', 'uploads/categories/bath_solution.jpg'),
(20, 6, 'HANDICAP', 'uploads/categories/bath_solution.jpg'),
(21, 7, 'CLOSE COUPLE', 'uploads/categories/bath_solution.jpg'),
(22, 7, 'WALL HUNG', 'uploads/categories/2149684496.jpg'),
(23, 7, 'BACK TO WALL', 'uploads/categories/bath_solution.jpg'),
(24, 7, 'HANDICAP', 'uploads/categories/bath_solution.jpg'),
(25, 8, 'TOP INLET', 'uploads/categories/bath_solution.jpg'),
(26, 8, 'BACK INLET', 'uploads/categories/bath_solution.jpg'),
(27, 8, 'SENSOR OPERATED', 'uploads/categories/bath_solution.jpg'),
(28, 9, 'BASIN MIXERS', 'uploads/categories/bath_solution.jpg'),
(29, 9, 'BASIN TAPS', 'uploads/categories/bath_solution.jpg'),
(30, 9, 'WALL MOUNTED MIXER', 'uploads/categories/bath_solution.jpg'),
(31, 9, 'CONCEALED PART', 'uploads/categories/bath_solution.jpg'),
(32, 9, 'EXTENDED (HIGH NECK)', 'uploads/categories/bath_solution.jpg'),
(33, 9, 'SENSOR OPERATED', 'uploads/categories/bath_solution.jpg'),
(34, 9, 'BIB TAPS', 'uploads/categories/bath_solution.jpg'),
(35, 9, 'KITCHEN SINK MIXER', 'uploads/categories/bath_solution.jpg'),
(36, 9, 'ANGLE VALVES', 'uploads/categories/bath_solution.jpg'),
(37, 10, 'EXPOSED BATH MIXERS', 'uploads/categories/bath_solution.jpg'),
(38, 10, 'CONCEALED BATH MIXERS', 'uploads/categories/bath_solution.jpg'),
(39, 10, 'CONCEALED PARTS', 'uploads/categories/bath_solution.jpg'),
(40, 11, 'SHOWER HEADS', 'uploads/categories/bath_solution.jpg'),
(41, 11, 'HAND SHOWERS', 'uploads/categories/bath_solution.jpg'),
(42, 11, 'JET SHOWERS', 'uploads/categories/bath_solution.jpg'),
(43, 11, 'SHOWER ARMS', 'uploads/categories/bath_solution.jpg'),
(44, 11, 'CHROMOTHERAPY SHOWERS', 'uploads/categories/bath_solution.jpg'),
(45, 11, 'BODY SHOWERS (JETS)', 'uploads/categories/bath_solution.jpg'),
(46, 11, 'SHOWER ACCESSORIES', 'uploads/categories/2150694866.jpg'),
(47, 12, 'CONTINENTAL', 'uploads/categories/bath_solution.jpg'),
(48, 12, 'KUBIX', 'uploads/categories/bath_solution.jpg'),
(49, 12, 'QUEENS', 'uploads/categories/bath_solution.jpg'),
(50, 13, 'FREE STANDING', 'uploads/categories/bath_solution.jpg'),
(51, 13, 'DROP-IN', 'uploads/categories/bath_solution.jpg'),
(52, 13, 'WHIRLPOOLS', 'uploads/categories/bath_solution.jpg'),
(53, 13, 'BATHTUB ACCESSORIES', 'uploads/categories/bath_solution.jpg'),
(54, 13, 'OXYPOOL', 'uploads/categories/bath_solution.jpg');

-- --------------------------------------------------------

--
-- Table structure for table `jaquar_products`
--

CREATE TABLE `jaquar_products` (
  `id` int(11) NOT NULL,
  `category_id` int(11) NOT NULL,
  `item_code` varchar(100) NOT NULL,
  `collection` varchar(255) DEFAULT NULL,
  `item_type` varchar(255) DEFAULT NULL,
  `item_finish` varchar(255) DEFAULT NULL,
  `product_link` varchar(255) DEFAULT NULL,
  `image` varchar(255) DEFAULT NULL,
  `created_at` timestamp NOT NULL DEFAULT current_timestamp()
) ENGINE=InnoDB DEFAULT CHARSET=latin1;

--
-- Dumping data for table `jaquar_products`
--

INSERT INTO `jaquar_products` (`id`, `category_id`, `item_code`, `collection`, `item_type`, `item_finish`, `product_link`, `image`, `created_at`) VALUES
(10, 14, 'FLS-WHT-5701', 'FLORENTINE', 'UNDER COUNTER BASIN WITH FIXING ACCESSORIES SIZE: 560X430X195 MM SHAPE : OVAL', 'WHITE', 'https://www.jaquar.com/en/washbasin-under-counter-florentine', 'uploads/jaquar_uploads/product_68e4e0ede827f.jpeg', '2025-09-24 06:53:25'),
(11, 15, 'JDS-WHT-25501', 'JAQUAR DESING RANGE', 'SEMI RECESSED BASIN SIZE: 520X430X170 MM', 'WHITE', '', 'uploads/jaquar_uploads/product_68e4e379a9ef6.jpg', '2025-09-24 06:53:25'),
(12, 16, 'JDS-WHT-25909', 'JAQUAR DESING RANGE', 'THIN RIM TABLE TOP BASIN SIZE:495X395X150 MM SHAPE -RECTANGULAR', 'WHITE', 'https://www.jaquar.com/en/washbasin-counter-top-thin-rim-curved-rectangle', 'uploads/jaquar_uploads/product_68e4e511681c3.jpeg', '2025-09-24 06:53:25'),
(13, 16, 'OPS-WHT-15901N', 'OPAL', 'THIN RIM TABLE TOP BASIN SIZE:480X480X135 MM SHAPE -ROUND', 'WHITE', 'https://www.jaquar.com/en/sleek-thin-rim-table-top-basin-round-opal', 'uploads/jaquar_uploads/product_68e4e4d0562c8.jpeg', '2025-09-24 06:53:25'),
(14, 16, 'SLS-WHT-6905', 'SOLO', 'THIN RIM TABLE TOP BASIN SIZE : 360X360X120 MM SHAPE -ROUND', 'WHITE', 'https://www.jaquar.com/en/washbasin-solo-counter-top-thin-rim-round', 'uploads/jaquar_uploads/product_68e4e4a9e652d.jpeg', '2025-09-24 06:53:25'),
(15, 17, 'KUS-WHT-35601', 'KUBIX', 'COUNTER TOP BASIN, SIZE:505x435x180 MM', 'WHITE', 'https://www.jaquar.com/en/washbasin-counter-top-kubix', 'uploads/jaquar_uploads/product_68e4e609e929d.jpeg', '2025-09-24 06:53:25'),
(16, 18, 'CNS-WHT-305', 'CONTINENTAL', 'HALF PEDESTAL WITH FIXING ACCESSORIES FOR CNS-WHT-801', 'WHITE', '', 'uploads/jaquar_uploads/product_68e4e6873b073.jpg', '2025-09-24 06:53:25'),
(18, 18, 'FNS-WHT-40801', 'FONTE', 'WALL HUNG BASIN WITH FIXING ACCESSORIES SIZE: 620X480X185 MM', 'WHITE', 'https://www.jaquar.com/en/wallhung-washbasin-full-pedestal-fonte', 'uploads/jaquar_uploads/product_68e4edc291299.jpeg', '2025-09-24 06:53:25'),
(19, 22, 'KUS-BLM-35953BIUFSM', 'KUBIX SANITARYWARE', 'RIMLESS BLIND INSTALLATION WALL HUNG WC WITH UF SOFT CLOSE SLIM SEAT COVER HINGES ACCESSORIES SET SIZE : 360X500X330 MM', 'BLACK MATT', NULL, 'uploads/jaquar_uploads/product_68e4e6873b073.jpg', '2025-09-24 06:53:25'),
(20, 22, 'SLS-BLM-6953BIUFSMN', 'SOLO', 'RIMLESS BLIND INSTALLATION WALL HUNG WC WITH UF SOFT CLOSE SLIM SEAT COVER HINGES AND ACCESSORIES SET SIZE: 375X520X400 MM', 'BLACK MATT', 'https://www.jaquar.com/en/rimless-blind-installation-wall-hung-wc-black-matt-4', 'uploads/jaquar_uploads/product_68e4ed310c026.jpeg', '2025-09-24 06:53:25'),
(21, 22, 'SLS-WHT-6953BIUFSM', 'SOLO', 'RIMLESS BLIND INSTALLATION WALL HUNG WC WITH UF SOFT CLOSE SLIM SEAT COVER HINGES AND ACCESSORIES SET SIZE: 375X520X400 MM', 'WHITE', NULL, 'uploads/jaquar_uploads/product_68e4e6873b073.jpg', '2025-09-24 06:53:25'),
(22, 21, 'FNS-WHT-40201', 'FONTE', 'CISTERN WITH CISTERN FITTINGS FOR 40751S220UFSM & 40751P180UFSM', 'WHITE', NULL, 'uploads/jaquar_uploads/product_68e4e6873b073.jpg', '2025-09-24 06:53:25'),
(23, 23, 'OPS-WHT-15955P180UFSM', 'OPAL PRIME', 'RIMLESS BACK TO WALL WC WITH UF SOFT', 'WHITE', 'https://www.jaquar.com/en/opal-rimless-back-to-wall-wc-p-trap', 'uploads/jaquar_uploads/product_68e4eef951be3.jpeg', '2025-09-24 06:53:25'),
(24, 25, 'URS-WHT-13257', 'URINAL', 'URINAL (TOP INLET) WITH FIXING ACCESSORIES SET SIZE:345X320X610 MM', 'WHITE', '', 'uploads/jaquar_uploads/product_68e4f120f3e5a.jpg', '2025-09-24 06:53:25'),
(25, 28, 'FLR-CHR-5033B', 'FLORENTINE', 'FLORENTINE SINGLE LEVER SURGICAL PURPOSE ELBOW ACTION BASIN MIXER WITH EXTENDED OPERATING LEVER WITHOUT POPUP WASTE SYSTEM WITH 450MM LONG BRAIDED HOSES', 'CHROME', '', 'uploads/jaquar_uploads/product_68e4f6869c375.jpg', '2025-09-24 06:53:25'),
(26, 28, 'QQT-CHR-7167B', 'QUEENS', 'CENTRAL HOLE BASIN MIXER WITH REGULAR SPOUT WITHOUT POPUP WASTE SYSTEM WITH 450MM LONG BRAIDED HOSES', 'CHROME', 'https://www.jaquar.com/en/queens-basin-mixer', 'uploads/jaquar_uploads/product_68e4f6f1767ff.jpeg', '2025-09-24 06:53:25'),
(27, 28, 'EKO-CHR-33001B', 'EKO', 'SINGLE LEVER BAS MIX W/O POPUP WITH 450MM BRAIDED HOSES', 'CHROME', 'https://global.jaquar.com/en/single-lever-basin-mixer-10', 'uploads/jaquar_uploads/product_68e4f71c88ee3.jpeg', '2025-09-24 06:53:25'),
(28, 36, 'AQT-CHR-3057P', 'ASTRA', 'ANGULAR STOP COCK WITH TRIANGULAR HANDLE AND WALL FLANGE', 'CHROME', 'https://global.jaquar.com/en/angle-valve-3', 'uploads/jaquar_uploads/product_68e4ff01d4df1.jpeg', '2025-09-24 06:53:25'),
(29, 36, 'ARI-CHR-39053', 'ARIA', 'ANGULAR STOP COCK WITH WALL FLANGE', 'CHROME', 'https://global.jaquar.com/en/angular-stop-cock-ari-39053', 'uploads/jaquar_uploads/product_68e504a80b9b0.jpeg', '2025-09-24 06:53:25'),
(30, 35, 'QQT-ABR-7309', 'QUEENS', 'SINK MIXER WITH REGULAR SWINGING SPOUT (WALL MOUNTED MODEL) WITH CONNECTING LEGS & WALL FLANGES', 'ANTIQUE BRONZE', 'https://www.jaquar.lk/en/sink-mixer-antique-bronze-3', 'uploads/jaquar_uploads/product_68e5050d55ce9.jpeg', '2025-09-24 06:53:25'),
(31, 37, 'ARI-CHR-39065MK', 'ARIA', 'SINGLE LEVER EXPOSED PARTS KIT OF DIVERTER CONSISTING OF OPERATING LEVER WALL FLANGE (WITH SEALS) & BUTTON ONLY (COMPATIBLE WITH ITEM ALD-065N)', 'CHROME', 'https://global.jaquar.com/en/single-lever-exposed-ari-39065k', 'uploads/jaquar_uploads/product_68e5056fb6f73.jpeg', '2025-09-24 06:53:25'),
(32, 38, 'ALD-CHR-227', 'ALLIED', 'CONCEALED BODY FOR SINGLE LEVER DEUSCH MIXER WITH PROVISION FOR CONNECTION TO OVERHEAD SHOWER ONLY BUT WITHOUT EXPOSED PART', 'CHROME', 'https://global.jaquar.com/en/in-wall-body-of-single-lever-in-wall-manual-shower-valve', NULL, '2025-09-24 06:53:25'),
(33, 40, 'OHS-CHR-1633', 'OVERHEAD SHOWER', 'MAZE OVERHEAD SHOWER 300MM ROUND SHAPE SINGLE FLOW (BODY & FACE PLATE STAINLESS STEEL WITH CHROME FINISH) WITH RUBIT CLEANING SYSTEM', 'CHROME', 'https://www.jaquar.com/en/maze-overhead-round-shower', 'uploads/jaquar_uploads/product_68e505fb03801.jpeg', '2025-09-24 06:53:25'),
(34, 40, 'OHS-CHR-497N', 'OVERHEAD SHOWER', 'OVERHEAD SHOWER 190MM DIA ROUND SHAPE SINGLE FLOW (ABS BODY CHROME PLATED WITH GRAY FACE PLATE) WITH RUBIT', 'CHROME', 'https://global.jaquar.com/en/overhead-shower-ohs-497n', 'uploads/jaquar_uploads/product_68e5062e9cdec.jpeg', '2025-09-24 06:53:25'),
(35, 41, 'HSH-ABR-9537N', 'HAND SHOWER', 'VICTORIAN HAND SHOWER HEAD ROUND (BELL TYPE) SINGLE FLOW (BRASS CHROME PLATED) WITH RUBIT CLEANING SYSTEM', 'ANTIQUE BRONZE', 'https://global.jaquar.com/en/round-shape-victorian-hand-shower-antique-bronze', 'uploads/jaquar_uploads/product_68e5066f3b33f.jpeg', '2025-09-24 06:53:25'),
(36, 41, 'HSH-CHR-35537', 'HAND SHOWER', 'HAND SHOWER 27X27MM SQUARE SHAPE SINGLE FLOW (ABS BODY CHROME PLATED WITH GRAY FACE PLATE) WITH RUBIT CLEANING SYSTEM', 'CHROME', 'https://www.jaquar.com/en/hand-shower-single-flow-27mm-square', 'uploads/jaquar_uploads/product_68e506939e55f.jpeg', '2025-09-24 06:53:25'),
(37, 46, 'SHA-CHR-1217FSHK', 'SHOWER ACCESSORIES', 'EXPOSED SHOWER PIPE WITH DIVERTER FLAT SHAPE 1071X50X15MM & 350MM WIDE WITH SLIDING HOLDER & 0.5M LONG FLEXIBLE HOSE FOR CONNECTION TO AN EXPOSED SHOWER MIXER WITH SHOWER KIT (497N 5537N & 549D8)', 'CHROME', 'https://global.jaquar.com/en/exposed-shower-pipe-3', 'uploads/jaquar_uploads/product_68e506eab17bb.jpeg', '2025-09-24 06:53:25'),
(38, 46, 'SHA-CHR-1110', 'SHOWER ACCESSORIES', 'SLIDE RAIL (24MM & 600MM) WITH SINGLE FUNCTION HAND SHOWER (HSH-1937) WITH 8MM DIA 1.5M LONG FLEXIBLE HOSE AND SOAP DISH', 'CHROME', 'https://global.jaquar.com/en/slide-rail', 'uploads/jaquar_uploads/product_68e50730b4bca.jpeg', '2025-09-24 06:53:25'),
(39, 46, 'SHA-CHR-1110FHS', 'SHOWER ACCESSORIES', 'SLIDE RAIL (19 MM & 600 MM) WITH SINGLE FUNCTION HAND SHOWER(HSH-5537N) WITH 8 MM DIA. 1.5M LONG FLEXIBLE HOSE AND SOAP DISH', 'CHROME', 'https://global.jaquar.com/en/slide-rail-5', 'uploads/jaquar_uploads/product_68e5089e16475.jpeg', '2025-09-24 06:53:25'),
(40, 46, 'SHA-CHR-1150EF', 'SHOWER ACCESSORIES', 'SLIDE RAIL (19MM & 600MM) WITH MULTIFUNCTION HAND SHOWER (HSH-1939) 1.5M FLEXIBLE HOSE AND SOAP DISH', 'CHROME', 'https://global.jaquar.com/en/slide-rail-3', 'uploads/jaquar_uploads/product_68e5092713261.jpeg', '2025-09-24 06:53:25'),
(41, 46, 'SHA-CHR-1199N', 'SHOWER ACCESSORIES', 'SLIDING RAIL 24MM & 600MM LONG ROUND SHAPE WITH HAND SHOWER HOLDER', 'CHROME', 'https://www.jaquar.com/en/accessories-round-shower-sliding-rail-24mm?Id=6802', 'uploads/jaquar_uploads/product_68e509600c683.jpeg', '2025-09-24 06:53:25'),
(42, 46, 'SHA-CHR-455L400', 'SHOWER ACCESSORIES', 'SHOWER ARM 400X25X25MM SQUARE SHAPE FOR WALL MOUNTED SHOWERS WITH FLANGE', 'CHROME', 'https://www.jaquar.com/en/bended-square-shower-arm-400mm?Id=7222', 'uploads/jaquar_uploads/product_68e5099ad7815.jpeg', '2025-09-24 06:53:25'),
(43, 46, 'SHA-CHR-485', 'SHOWER ACCESSORIES', 'VICTORIAN SHOWER ARM 20MM & 460MM LONG ROUND SHAPE WALL MOUNTED WITH FLANGE', 'CHROME', 'https://www.jaquar.com/en/bended-victorian-shower-arm-480mm?Id=6676', 'uploads/jaquar_uploads/product_68e509d442f3e.jpeg', '2025-09-24 06:53:25'),
(44, 49, 'AQN-CHR-7733', 'QUEENS ACCESSORIES', 'SOAP DISH', 'CHROME', 'https://global.jaquar.com/en/aqn-7733-soap-dish-polycarbide', 'uploads/jaquar_uploads/product_68e50a38dae60.jpeg', '2025-09-24 06:53:25'),
(45, 49, 'AQN-CHR-7741', 'QUEENS ACCESSORIES', 'TUMBLER HOLDER', 'CHROME', 'https://www.jaquar.com/en/accessories-queen-tumbler-holder?Id=6040', 'uploads/jaquar_uploads/product_68e50b00a2c6b.jpeg', '2025-09-24 06:53:25'),
(46, 49, 'AQN-CHR-7711', 'QUEENS ACCESSORIES', 'TOWEL RAIL', 'CHROME', 'https://global.jaquar.com/en/copy-of-aqn-7711-single-towel-rail', 'uploads/jaquar_uploads/product_68e50b2640d32.jpeg', '2025-09-24 06:53:25'),
(47, 53, 'SPJ-CHR-15429PM', 'OPAL PRIME', 'BATHTUB SPOUT WITH WALL FLANGE', 'CHROME', 'https://www.jaquar.com/en/opal-prime-bathtub-spout?Id=6172', 'uploads/jaquar_uploads/product_68e50b8044b63.jpeg', '2025-09-24 06:53:25'),
(49, 31, 'ALD-CHR-233N', 'ALLIED', 'CONCEALED BODY FOR SINGLE LEVER BASIN MIXER WALL MOUNTED BUT WITHOUT EXPOSED PARTS', 'CHROME', 'https://www.jaquar.com/en/concealed-body-for-wall-basin-mixer-right-hand', 'uploads/jaquar_uploads/0016303_concealed-body-for-single-lever-basin-mixer-wall-mounted_960.jpeg', '2025-10-07 11:21:47'),
(50, 31, 'ALD-CHR-235N', 'ALLIED', 'LEFT HAND SIDE OPERATED CONCEALED BODY FOR SINGLE LEVER BASIN MIXER WALL MOUNTED BUT WITHOUT EXPOSED PARTS', 'CHROME', 'https://www.jaquar.com/en/ald-235', 'uploads/jaquar_uploads/product_68e4fb7f7bb75.jpeg', '2025-10-07 11:37:35'),
(52, 31, 'ALD-CHR-441', 'ALLIED', 'CONCEALED BODY ONLY FOR SINGEL CONCEALED STOP COCK WTH BASIN SPOUT (WITHOUT EXPOSED PARTS)', 'CHROME', 'https://www.jaquar.com/en/ald-chr-441', 'uploads/jaquar_uploads/product_68e4fc4a9cc0f.jpeg', '2025-10-07 11:40:58');

-- --------------------------------------------------------

--
-- Table structure for table `products`
--

CREATE TABLE `products` (
  `id` int(11) NOT NULL,
  `name` varchar(255) NOT NULL,
  `description` text DEFAULT NULL,
  `product_code` varchar(255) DEFAULT NULL,
  `price` decimal(10,2) DEFAULT 0.00,
  `category` varchar(100) DEFAULT NULL,
  `subcategory` varchar(100) DEFAULT NULL,
  `image` varchar(255) DEFAULT NULL,
  `created_at` timestamp NOT NULL DEFAULT current_timestamp(),
  `category_id` int(11) DEFAULT NULL,
  `subcategory_id` int(11) DEFAULT NULL
) ENGINE=InnoDB DEFAULT CHARSET=latin1;

--
-- Dumping data for table `products`
--

INSERT INTO `products` (`id`, `name`, `description`, `product_code`, `price`, `category`, `subcategory`, `image`, `created_at`, `category_id`, `subcategory_id`) VALUES
(1, 'A Beige', 'Colour : Beige / Ivory', NULL, '0.00', NULL, NULL, 'uploads/products/1757918887_A Beige.jpg', '2025-09-15 06:48:07', 1, 2),
(2, 'Anthracite-Gold ', 'Colour : Brown', NULL, '0.00', NULL, NULL, 'uploads/products/1758008095_anthracite-gold.jpg', '2025-09-16 07:34:55', 1, 2),
(3, 'Azul Macaubas', 'Color : Blue ', NULL, '0.00', NULL, NULL, 'uploads/products/1758008132_Azul Macaubas.PNG', '2025-09-16 07:35:32', 1, 2),
(6, 'Baltico', 'Color : Beige/ Ivory', NULL, '0.00', NULL, NULL, 'uploads/products/1758008317_baltico.PNG', '2025-09-16 07:38:37', 1, 2),
(7, 'Bianco Carrara', 'Color : White', NULL, '0.00', NULL, NULL, 'uploads/products/1758008398_Bianco Carrara.PNG', '2025-09-16 07:39:58', 1, 2),
(8, 'Banco Neve', 'Color : White', NULL, '0.00', NULL, NULL, 'uploads/products/1758008444_bianco neve.PNG', '2025-09-16 07:40:44', 1, 2),
(9, 'Black Silk', 'Color : Black', NULL, '0.00', NULL, NULL, 'uploads/products/1758008765_Black Silk.jpg', '2025-09-16 07:46:05', 1, 2),
(10, 'Bracha', 'Color : Brown', NULL, '0.00', NULL, NULL, 'uploads/products/1758008813_brecha.jpg', '2025-09-16 07:46:53', 1, 2),
(11, 'Calacatta', 'Color : White', NULL, '0.00', NULL, NULL, 'uploads/products/1758008841_Calacatta Carrara.PNG', '2025-09-16 07:47:21', 1, 2),
(12, 'Calacatta Vagli', 'Color : White', NULL, '0.00', NULL, NULL, 'uploads/products/1758008876_Calacatta Vagli.PNG', '2025-09-16 07:47:56', 1, 2),
(13, 'Crema Marfil', 'Color : Beige/ Ivory', NULL, '0.00', NULL, NULL, 'uploads/products/1758008911_Crema Marfil.PNG', '2025-09-16 07:48:31', 1, 2),
(14, 'Earth Grey', 'Color : Grey', NULL, '0.00', NULL, NULL, 'uploads/products/1758008942_Earth Grey.jpg', '2025-09-16 07:49:02', 1, 2),
(15, 'Emperado Light', 'Color : Brown', NULL, '0.00', NULL, NULL, 'uploads/products/1758008989_Emperado light.jpg', '2025-09-16 07:49:49', 1, 2),
(16, 'Emperador Dark', 'Color : Brown', NULL, '0.00', NULL, NULL, 'uploads/products/1758009025_Emperador Dark.jpg', '2025-09-16 07:50:25', 1, 2),
(17, 'Emperador Meron', 'Color : White', NULL, '0.00', NULL, NULL, 'uploads/products/1758009253_Emperador Meron.jpg', '2025-09-16 07:54:13', 1, 2),
(18, 'Emperador Desert', 'Color : Beige/ Ivory', NULL, '0.00', NULL, NULL, 'uploads/products/1758009310_Emperador Desert.jpg', '2025-09-16 07:55:10', 1, 2),
(19, 'Emperador Mocha', 'Color : Brown', NULL, '0.00', NULL, NULL, 'uploads/products/1758009363_Emperador Mocha.jpg', '2025-09-16 07:56:03', 1, 2),
(20, 'Eva Grey', 'Color : Grey', NULL, '0.00', NULL, NULL, 'uploads/products/1757918887_A Beige.jpg', '2025-09-16 07:56:28', 1, 2),
(21, 'Eva Grey', 'Color : White', NULL, '0.00', NULL, NULL, 'uploads/products/1758010609_Eva Grey.jpg', '2025-09-16 08:16:49', 1, 2),
(22, 'Hera Beige', 'Color : Beige/ Ivory', NULL, '0.00', NULL, NULL, 'uploads/products/1758014164_Hera Beige.jpg', '2025-09-16 09:16:04', 1, 2),
(23, 'Ibri Beige', 'Color : Beige/ Ivory', NULL, '0.00', NULL, NULL, 'uploads/products/1758014192_Ibri Beige.jpg', '2025-09-16 09:16:32', 1, 2),
(24, 'Jupiter Black', 'Color : Black', NULL, '0.00', NULL, NULL, 'uploads/products/1758014565_Jupiter Black.jpg', '2025-09-16 09:22:45', 1, 2),
(25, 'Kalahari', 'Color : Beige/ Ivory', NULL, '0.00', NULL, NULL, 'uploads/products/1758014608_kalahari.PNG', '2025-09-16 09:23:28', 1, 2),
(26, 'Lilac', 'Color : White', NULL, '0.00', NULL, NULL, 'uploads/products/1758014844_lilac.PNG', '2025-09-16 09:27:24', 1, 2),
(27, 'Marmara', 'Color : White', NULL, '0.00', NULL, NULL, 'uploads/products/1758014864_marmara.PNG', '2025-09-16 09:27:44', 1, 2),
(28, 'Mount Grey', 'Color : Grey', NULL, '0.00', NULL, NULL, 'uploads/products/1758014908_Mount Grey.jpg', '2025-09-16 09:28:28', 1, 2),
(29, 'Natuca Grey', 'Color : Grey', NULL, '0.00', NULL, NULL, 'uploads/products/1758014950_Natuca Grey.jpg', '2025-09-16 09:29:10', 1, 2),
(30, 'Nero Marquinia ', 'Color : Black', NULL, '0.00', NULL, NULL, 'uploads/products/1758014986_Nero marquina.jpg', '2025-09-16 09:29:46', 1, 2),
(31, 'Nordic Grey ', 'Color : Grey', NULL, '0.00', NULL, NULL, 'uploads/products/1758015038_Nordic Grey - Medium.jpg', '2025-09-16 09:30:38', 1, 2),
(32, 'Ocean', 'Color : Beige/ Ivory', NULL, '0.00', NULL, NULL, 'uploads/products/1758015072_Ocean.jpg', '2025-09-16 09:31:12', 1, 2),
(33, 'Papillon', 'Color : Beige/ Ivory', NULL, '0.00', NULL, NULL, 'uploads/products/1758015106_papillon.PNG', '2025-09-16 09:31:46', 1, 2),
(34, 'Pietra Grey', 'Color : Grey', NULL, '0.00', NULL, NULL, 'uploads/products/1758015151_pietra grey.PNG', '2025-09-16 09:32:31', 1, 2),
(35, 'Portoro Extra', 'Color : Black', NULL, '0.00', NULL, NULL, 'uploads/products/1758015190_Portoro Extra.PNG', '2025-09-16 09:33:10', 1, 2),
(36, 'Rosso-Levanto', 'Color : Meron', NULL, '0.00', NULL, NULL, 'uploads/products/1758015232_Rosso-Levanto.jpg', '2025-09-16 09:33:52', 1, 2),
(37, 'Sohar Beige', 'Color : Beige/ Ivory', NULL, '0.00', NULL, NULL, 'uploads/products/1758015256_Sohar Beige.PNG', '2025-09-16 09:34:16', 1, 2),
(38, 'Sohar White', 'Color : Beige/ Ivory', NULL, '0.00', NULL, NULL, 'uploads/products/1758015282_Sohar White.jpg', '2025-09-16 09:34:42', 1, 2),
(39, 'Statuario', 'Color : White', NULL, '0.00', NULL, NULL, 'uploads/products/1758015308_Statuario.PNG', '2025-09-16 09:35:08', 1, 2),
(40, 'Tundra Grey', 'Color : Grey', NULL, '0.00', NULL, NULL, 'uploads/products/1758015345_Tundra Grey.jpg', '2025-09-16 09:35:45', 1, 2),
(41, 'Tundra-Blue', 'Color : Grey', NULL, '0.00', NULL, NULL, 'uploads/products/1758015383_tundra-blue.jpg', '2025-09-16 09:36:23', 1, 2),
(42, 'Volkas', 'Color : White', NULL, '0.00', NULL, NULL, 'uploads/products/1758015417_volkas.PNG', '2025-09-16 09:36:57', 1, 2),
(43, 'Absolute Black ', 'Color : Black', NULL, '0.00', NULL, NULL, 'uploads/products/1758085311_absolute black (1).png', '2025-09-17 05:01:51', 1, 3),
(44, 'Bash Paradiso', 'Color : Meron/Black', NULL, '0.00', NULL, NULL, 'uploads/products/1758085362_bash paradiso.jpg', '2025-09-17 05:02:42', 1, 3),
(45, 'Black Beauty', 'Color : Black/White', NULL, '0.00', NULL, NULL, 'uploads/products/1758085399_black beauty.png', '2025-09-17 05:03:19', 1, 3),
(46, 'Black Galaxy ', 'Color : Black', NULL, '0.00', NULL, NULL, 'uploads/products/1758085433_black galaxy (1).jpg', '2025-09-17 05:03:53', 1, 3),
(47, 'Blue Pearl', 'Color : Blue', NULL, '0.00', NULL, NULL, 'uploads/products/1758085541_BLUE PEARL.PNG', '2025-09-17 05:05:41', 1, 3),
(48, 'Colonial Gold', 'Color : Yellow', NULL, '0.00', NULL, NULL, 'uploads/products/1758085576_colonial gold.jpg', '2025-09-17 05:06:16', 1, 3),
(49, 'Hassan Green', 'Color : Green', NULL, '0.00', NULL, NULL, 'uploads/products/1758085659_hassan green.png', '2025-09-17 05:07:39', 1, 3),
(50, 'Himalayan Blue', 'Color : Red', NULL, '0.00', NULL, NULL, 'uploads/products/1758099778_himalayan blue.png', '2025-09-17 09:02:58', 1, 3),
(51, 'Imperial-Pink', 'Color : Pink', NULL, '0.00', NULL, NULL, 'uploads/products/1758100076_Imperial-Pink.jpg', '2025-09-17 09:07:56', 1, 3),
(52, 'Ivory Brown', 'Color : Ivory', NULL, '0.00', NULL, NULL, 'uploads/products/1758100153_ivory brown.png', '2025-09-17 09:09:13', 1, 3),
(53, 'Kuppam Green ', 'Color : Green', NULL, '0.00', NULL, NULL, 'uploads/products/1758100183_kuppam green.jpg', '2025-09-17 09:09:43', 1, 3),
(54, 'Misty Rose', 'Color : Pink', NULL, '0.00', NULL, NULL, 'uploads/products/1758100394_Misty Rose.PNG', '2025-09-17 09:13:14', 1, 3),
(55, 'Misty Yellow ', 'Color : Yellow', NULL, '0.00', NULL, NULL, 'uploads/products/1758100430_Misty Yellow (1).PNG', '2025-09-17 09:13:50', 1, 3),
(56, 'Moon White', 'Color : Grey/White', NULL, '0.00', NULL, NULL, 'uploads/products/1758100817_moon white.jpg', '2025-09-17 09:20:17', 1, 3),
(57, 'Nero Impala', 'Color : Black', NULL, '0.00', NULL, NULL, 'uploads/products/1758100964_NERO IMPALA.PNG', '2025-09-17 09:22:44', 1, 3),
(58, 'Pearl Grey', 'Color : Grey', NULL, '0.00', NULL, NULL, 'uploads/products/1758101017_Pearl Grey.PNG', '2025-09-17 09:23:37', 1, 3),
(59, 'Python Skin', 'Color : Yellow/Brown', NULL, '0.00', NULL, NULL, 'uploads/products/1758101331_Python Skin.PNG', '2025-09-17 09:28:51', 1, 2),
(60, 'Red Multicolor', 'Color : Red', NULL, '0.00', NULL, NULL, 'uploads/products/1758101379_red multicolor.png', '2025-09-17 09:29:39', 1, 3),
(61, 'Steel Grey', 'Color : Grey', NULL, '0.00', NULL, NULL, 'uploads/products/1758101409_steel grey (1).jpg', '2025-09-17 09:30:09', 1, 3),
(62, 'Tan Brown', 'Color : Brown', NULL, '0.00', NULL, NULL, 'uploads/products/1758101452_tan brown.png', '2025-09-17 09:30:52', 1, 3),
(63, 'Tiger Skin', 'Color : Yellow/Black', NULL, '0.00', NULL, NULL, 'uploads/products/1758101495_tiger skin.jpg', '2025-09-17 09:31:35', 1, 3),
(64, 'Viscon White ', 'Color : Black/White', NULL, '0.00', NULL, NULL, 'uploads/products/1758101527_viscon white (1).jpg', '2025-09-17 09:32:07', 1, 3),
(65, 'Wave White', 'Color : Black/White', NULL, '0.00', NULL, NULL, 'uploads/products/1758101570_WAVE WHITE.PNG', '2025-09-17 09:32:50', 1, 3),
(69, 'Alabastrino-Rustic', '', NULL, '0.00', NULL, NULL, 'uploads/products/1758110206_alabastrino-rustic.jpg', '2025-09-17 11:56:46', 1, 4),
(70, 'Classic Light - Crosscut', '', NULL, '0.00', NULL, NULL, 'uploads/products/1758110296_Classic Light - Crosscut.jpg', '2025-09-17 11:58:16', 1, 4),
(71, 'Classic Light - Veincut ', '', NULL, '0.00', NULL, NULL, 'uploads/products/1758110314_Classic Light - veincut (1).jpg', '2025-09-17 11:58:34', 1, 4),
(72, 'Gold-Vein-Cut', '', NULL, '0.00', NULL, NULL, 'uploads/products/1758110350_gold-vein-cut.jpg', '2025-09-17 11:59:10', 1, 4),
(73, 'Ivory - Cross Cut', '', NULL, '0.00', NULL, NULL, 'uploads/products/1758110371_Ivory - Cross Cut.jpg', '2025-09-17 11:59:31', 1, 4),
(74, 'Ivory-Veincut', '', NULL, '0.00', NULL, NULL, 'uploads/products/1758110415_Ivory-veincut.jpg', '2025-09-17 12:00:15', 1, 4),
(75, 'Noce - Crosscut', '', NULL, '0.00', NULL, NULL, 'uploads/products/1758110446_Noce - crosscut.jpg', '2025-09-17 12:00:46', 1, 4),
(76, 'Noce - Veincut', '', NULL, '0.00', NULL, NULL, 'uploads/products/1758110462_Noce - veincut.jpg', '2025-09-17 12:01:02', 1, 4),
(77, 'Persian Red', '', NULL, '0.00', NULL, NULL, 'uploads/products/1758110477_Persian Red.jpg', '2025-09-17 12:01:17', 1, 4),
(78, 'Silver Brown - Rustic', '', NULL, '0.00', NULL, NULL, 'uploads/products/1758110736_Silver Brown - Rustic.jpg', '2025-09-17 12:05:36', 1, 4),
(79, 'Silver Brown', '', NULL, '0.00', NULL, NULL, 'uploads/products/1758110750_Silver Brown.jpg', '2025-09-17 12:05:50', 1, 4),
(80, 'Silver White', '', NULL, '0.00', NULL, NULL, 'uploads/products/1758110764_Silver White.jpg', '2025-09-17 12:06:04', 1, 4),
(81, 'Aero-Cream-Beige', 'Color : Cream/ Beige', NULL, '0.00', NULL, NULL, 'uploads/products/1758110898_aero-cream-beige.png', '2025-09-17 12:08:18', 1, 5),
(82, 'Aero-Cream-Medium', 'Color : Cream/ Beige', NULL, '0.00', NULL, NULL, 'uploads/products/1758110944_aero-cream-medium.png', '2025-09-17 12:09:04', 1, 5),
(83, 'Aero-Cream-Whitish-Ivory', 'Color : Cream/ Beige', NULL, '0.00', NULL, NULL, 'uploads/products/1758110976_aero-cream-whitish-ivory.png', '2025-09-17 12:09:36', 1, 5),
(84, 'Cream-Ole', 'Color : Cream/ Beige', NULL, '0.00', NULL, NULL, 'uploads/products/1758111015_cream-ole.png', '2025-09-17 12:10:15', 1, 5),
(85, 'La-Perla', 'Color : Cream/ Beige', NULL, '0.00', NULL, NULL, 'uploads/products/1758111045_la-perla.png', '2025-09-17 12:10:45', 1, 5),
(86, 'Patara', 'Color : Cream/ Beige', NULL, '0.00', NULL, NULL, 'uploads/products/1758111081_patara.png', '2025-09-17 12:11:21', 1, 5),
(87, 'Simena', '', NULL, '0.00', NULL, NULL, 'uploads/products/1758111100_Simena.png', '2025-09-17 12:11:40', 1, 5),
(88, 'Black Slate', 'Color : Black', NULL, '0.00', NULL, NULL, 'uploads/products/1758111269_black.PNG', '2025-09-17 12:14:29', 1, 6),
(89, 'Chocolate Slate', 'Color : Brown', NULL, '0.00', NULL, NULL, 'uploads/products/1758111296_chocolate.PNG', '2025-09-17 12:14:56', 1, 6),
(90, 'Green Slate', 'Color : Green', NULL, '0.00', NULL, NULL, 'uploads/products/1758111319_Green .png', '2025-09-17 12:15:19', 1, 6),
(91, 'Multi  Color Slate', 'Color : Grey', NULL, '0.03', NULL, NULL, 'uploads/products/1758111366_multi.PNG', '2025-09-17 12:16:06', 1, 6),
(92, 'Silver Slate', 'Color : Silver', NULL, '0.00', NULL, NULL, 'uploads/products/1758111387_silver.PNG', '2025-09-17 12:16:27', 1, 6),
(93, 'Amber', 'Color : Amber', NULL, '0.00', NULL, NULL, 'uploads/products/1758111497_Amber.jpg', '2025-09-17 12:18:17', 1, 7),
(94, 'Dove Cream', 'Color : Grey / White', NULL, '0.00', NULL, NULL, 'uploads/products/1758111528_Dove Cream.jpg', '2025-09-17 12:18:48', 1, 7),
(95, 'Dove-Linear-Onyx', 'Color : Brown/Silver', NULL, '0.00', NULL, NULL, 'uploads/products/1758111559_dove-linear-onyx.jpg', '2025-09-17 12:19:19', 1, 7),
(96, 'Green Onyx', 'Color : Green', NULL, '0.00', NULL, NULL, 'uploads/products/1758111591_Green.jpg', '2025-09-17 12:19:51', 1, 7),
(97, 'Honey Onyx', 'Color : Yellow', NULL, '0.00', NULL, NULL, 'uploads/products/1758111624_Honey.jpg', '2025-09-17 12:20:24', 1, 7),
(98, 'White Onyx', 'Color : White', NULL, '0.00', NULL, NULL, 'uploads/products/1758111650_White.jpg', '2025-09-17 12:20:50', 1, 7),
(99, 'White Onyx', 'Color : White', NULL, '0.00', NULL, NULL, 'uploads/products/1758111996_White.jpg', '2025-09-17 12:26:36', 1, 7),
(100, 'SUKT0002', '', NULL, '0.00', NULL, NULL, 'uploads/products/1758112027_SUKT0002.jpg', '2025-09-17 12:27:07', 1, 8),
(101, 'SUKT0003', '', NULL, '0.00', NULL, NULL, 'uploads/products/1758112044_SUKT0003.jpg', '2025-09-17 12:27:24', 1, 8),
(102, 'SUKT0004', '', NULL, '0.00', NULL, NULL, 'uploads/products/1758112059_SUKT0004 (1).jpg', '2025-09-17 12:27:39', 1, 8),
(103, 'SUKT0005', '', NULL, '0.00', NULL, NULL, 'uploads/products/1758112098_SUKT0005.jpg', '2025-09-17 12:28:18', 1, 8),
(104, 'INDIAN SLATE', '', NULL, '0.00', NULL, NULL, 'uploads/products/1758112120_INDIAN SLATE.png', '2025-09-17 12:28:40', 1, 10),
(105, 'Autumn Brown', 'Color : Brown', NULL, '0.00', NULL, NULL, 'uploads/products/1758112807_autumn brown.PNG', '2025-09-17 12:40:07', 1, 11),
(106, 'Desert Waves', 'Color : Yellow', NULL, '0.00', NULL, NULL, 'uploads/products/1758112989_desert waves.PNG', '2025-09-17 12:43:09', 1, 11),
(107, 'Grey', 'Color : Grey', NULL, '0.00', NULL, NULL, 'uploads/products/1758113089_grey.PNG', '2025-09-17 12:44:49', 1, 11),
(108, 'Mandana Red', 'Color : Red', NULL, '0.00', NULL, NULL, 'uploads/products/1758113147_mandana red.PNG', '2025-09-17 12:45:47', 1, 11),
(109, 'Teakwood', 'Color : Yellow', NULL, '0.00', NULL, NULL, 'uploads/products/1758113179_teakwood.PNG', '2025-09-17 12:46:19', 1, 11),
(110, 'Aero-Cream-Mosaic-Polished', '', NULL, '0.00', NULL, NULL, 'uploads/products/1758113818_aero-cream-mosaic-polished.jpg', '2025-09-17 12:56:58', 1, 12),
(111, 'Basket-Wave-Mosaic-M201', '', NULL, '0.00', NULL, NULL, 'uploads/products/1758169361_basket-wave-mosaic-m201.jpg', '2025-09-18 04:22:41', 1, 12),
(112, 'Beige-Crystallino-Mosaic', '', NULL, '0.00', NULL, NULL, 'uploads/products/1758169446_beige-crystallino-mosaic.jpg', '2025-09-18 04:24:06', 1, 12),
(113, 'Blue-Grey-Mosaic', '', NULL, '0.00', NULL, NULL, 'uploads/products/1758169472_blue-grey-mosaic.jpg', '2025-09-18 04:24:32', 1, 12),
(114, 'Broken-Joint-M031', '', NULL, '0.00', NULL, NULL, 'uploads/products/1758169489_broken-joint-M031.jpg', '2025-09-18 04:24:49', 1, 12),
(115, 'Broken-Joint-M209', '', NULL, '0.00', NULL, NULL, 'uploads/products/1758169506_broken-joint-m209.jpg', '2025-09-18 04:25:06', 1, 12),
(116, 'Freiburg-L', '', NULL, '0.00', NULL, NULL, 'uploads/products/1758169523_freiburg-l.jpg', '2025-09-18 04:25:23', 1, 12),
(117, 'Gris-Cielo-Mosaic', '', NULL, '0.00', NULL, NULL, 'uploads/products/1758169548_gris-cielo-mosaic.jpg', '2025-09-18 04:25:48', 1, 12),
(118, 'Hexagong', '', NULL, '0.00', NULL, NULL, 'uploads/products/1758169565_hexagong.jpg', '2025-09-18 04:26:05', 1, 12),
(119, 'Infinityl', '', NULL, '0.00', NULL, NULL, 'uploads/products/1758169580_infinityl.jpg', '2025-09-18 04:26:20', 1, 12),
(120, 'Ivy Brown ', '', NULL, '0.00', NULL, NULL, 'uploads/products/1758169595_ivy brown (1).jpg', '2025-09-18 04:26:35', 1, 12),
(121, 'Simena3', '', NULL, '0.00', NULL, NULL, 'uploads/products/1758169612_simena3.jpg', '2025-09-18 04:26:52', 1, 12),
(122, 'Skyline-Mosaic', '', NULL, '0.00', NULL, NULL, 'uploads/products/1758169642_skyline-mosaic.jpg', '2025-09-18 04:27:22', 1, 12),
(123, 'Splitface-Mosaic', '', NULL, '0.00', NULL, NULL, 'uploads/products/1758169661_splitface-mosaic.jpg', '2025-09-18 04:27:41', 1, 12),
(124, 'Whiteonyx', '', NULL, '0.00', NULL, NULL, 'uploads/products/1758169675_whiteonyx.jpg', '2025-09-18 04:27:55', 1, 12),
(125, 'Design 01', '', NULL, '0.00', NULL, NULL, 'uploads/products/1758169880_Design 1.jpg', '2025-09-18 04:31:20', 1, 13),
(126, 'Design 02', '', NULL, '0.00', NULL, NULL, 'uploads/products/1758169893_Design 2.png', '2025-09-18 04:31:33', 1, 13),
(127, 'Design 03', '', NULL, '0.00', NULL, NULL, 'uploads/products/1758169912_Design 3.jpg', '2025-09-18 04:31:52', 1, 13),
(128, 'Design 04', '', NULL, '0.00', NULL, NULL, 'uploads/products/1758169930_Design 4.jpeg', '2025-09-18 04:32:10', 1, 13),
(129, 'Design 05', '', NULL, '0.00', NULL, NULL, 'uploads/products/1758169945_Design 5.jpg', '2025-09-18 04:32:25', 1, 13),
(130, 'Beige-Diamante', 'Color : Beige', NULL, '0.00', NULL, NULL, 'uploads/products/1758170105_Beige-Diamante-Full-Slab-scaled.jpg', '2025-09-18 04:35:05', 14, 15),
(131, 'Beige-Tuscany', 'Color : Beige', NULL, '0.00', NULL, NULL, 'uploads/products/1758170124_Beige-Tuscany-Slab-1.jpg', '2025-09-18 04:35:24', 14, 15),
(132, 'Bermingham', 'Color : Beige', NULL, '0.00', NULL, NULL, 'uploads/products/1758170148_BERMINGHAM-Full-Slab-1.jpg', '2025-09-18 04:35:48', 14, 15),
(133, 'Bianco-Classic', 'Color : White', NULL, '0.00', NULL, NULL, 'uploads/products/1758170177_BIANCO-CLASSIC-FS.jpg', '2025-09-18 04:36:17', 14, 15),
(134, 'Bianco-Diamante', 'Color : White', NULL, '0.00', NULL, NULL, 'uploads/products/1758170211_BIANCO-DIAMANTE-FULL-SLAB.jpg', '2025-09-18 04:36:51', 14, 15),
(135, 'Bianco-Ibiza', 'Color : White', NULL, '0.00', NULL, NULL, 'uploads/products/1758170231_BIANCO-IBIZA-Feature.jpg', '2025-09-18 04:37:11', 14, 15),
(136, 'Bianco-Neve', 'Color : White', NULL, '0.00', NULL, NULL, 'uploads/products/1758170253_Bianco-Neve-fs.jpg', '2025-09-18 04:37:33', 14, 15),
(137, 'Bianco-River', 'Color : White', NULL, '0.00', NULL, NULL, 'uploads/products/1758170275_Bianco-river-slab-scaled.jpg', '2025-09-18 04:37:55', 14, 15),
(138, 'Calacatta-Elegante', 'Color : White', NULL, '0.00', NULL, NULL, 'uploads/products/1758170313_Calacatta-Elegante-Full-Slab-View-1-scaled.jpg', '2025-09-18 04:38:33', 14, 15),
(139, 'Calacatta-Imperial', 'Color : White', NULL, '0.00', NULL, NULL, 'uploads/products/1758170641_CALACATTA-IMPERIAL-SLAB-scaled.jpg', '2025-09-18 04:44:01', 14, 15),
(140, 'Cement', 'Color : Grey', NULL, '0.00', NULL, NULL, 'uploads/products/1758170665_CEMENT-FULL-SLAB-1-1.jpg', '2025-09-18 04:44:25', 14, 15),
(141, 'Classic-Beige', 'Color : Beige', NULL, '0.00', NULL, NULL, 'uploads/products/1758170699_Classic-Beige-Slab-1.jpg', '2025-09-18 04:44:59', 14, 15),
(142, 'Classic-Pearl', 'Color : White', NULL, '0.00', NULL, NULL, 'uploads/products/1758170727_Classic-Pearl-Full-Slab-scaled.jpg', '2025-09-18 04:45:27', 14, 15),
(143, 'Concrete', 'Color : Grey', NULL, '0.00', NULL, NULL, 'uploads/products/1758170766_Concrete-Full-Slab-scaled.jpg', '2025-09-18 04:46:06', 14, 15),
(144, 'Desert-Brown', 'Color : Brown', NULL, '0.00', NULL, NULL, 'uploads/products/1758170825_DESERT-BROWN-FULL-SLAB-1.jpg', '2025-09-18 04:47:05', 14, 15),
(145, 'Grey-Fjord', 'Color : Grey', NULL, '0.00', NULL, NULL, 'uploads/products/1758170861_Grey-Fjord-Slab-scaled.jpg', '2025-09-18 04:47:41', 14, 15),
(146, 'Gris-Venato', 'Color : Grey', NULL, '0.00', NULL, NULL, 'uploads/products/1758170885_Gris-Venato-Slab-scaled.jpg', '2025-09-18 04:48:05', 14, 15),
(147, 'Manhattan-Grey', 'Color : Grey', NULL, '0.00', NULL, NULL, 'uploads/products/1758170912_Manhattan-Grey.jpg', '2025-09-18 04:48:32', 14, 15),
(148, 'Marquina-Ultra', 'Color : Black', NULL, '0.00', NULL, NULL, 'uploads/products/1758170940_Marquina-Ultra-Slab-G7-FEATURED-iMAGE.jpg', '2025-09-18 04:49:00', 14, 15),
(149, 'Milano', 'Color : Grey', NULL, '0.00', NULL, NULL, 'uploads/products/1758171290_Milano-Full-Slab-scaled.jpg', '2025-09-18 04:54:50', 14, 15),
(150, 'Minute-White', 'Color : White', NULL, '0.00', NULL, NULL, 'uploads/products/1758171369_MINUTE-WHITE-FEATURED-iMAGE.jpg', '2025-09-18 04:56:09', 14, 15),
(151, 'Mocca-Creme', 'Color : Creme', NULL, '0.00', NULL, NULL, 'uploads/products/1758171400_Mocca-Creme-Slab-1.jpg', '2025-09-18 04:56:40', 14, 15),
(152, 'Mocca-Diamante', 'Color : Brown', NULL, '0.00', NULL, NULL, 'uploads/products/1758171437_Mocca-Diamante-Slab.jpg', '2025-09-18 04:57:17', 14, 15),
(153, 'Nero-Classic', 'Color : Black', NULL, '0.00', NULL, NULL, 'uploads/products/1758171462_Nero-classic-Slab-1.jpg', '2025-09-18 04:57:42', 14, 15),
(154, 'Nero-Diamante', 'Color : Black', NULL, '0.00', NULL, NULL, 'uploads/products/1758171510_Nero-Diamante-Slab-1.jpg', '2025-09-18 04:58:30', 14, 15),
(155, 'New-Beige', 'Color : Beige', NULL, '0.00', NULL, NULL, 'uploads/products/1758171544_New-beige-slab-scaled.jpg', '2025-09-18 04:59:04', 14, 15),
(156, 'New-Extra-White', 'Color : White', NULL, '0.00', NULL, NULL, 'uploads/products/New-Extra-White-FS-scaled.jpg', '2025-09-18 05:02:08', 14, 15),
(157, 'New-Grey', 'Color : Grey', NULL, '0.00', NULL, NULL, 'uploads/products/New-Grey-Slab-scaled.jpg', '2025-09-18 05:09:03', 14, 15),
(158, 'Nisley', 'Color : Beige', NULL, '0.00', NULL, NULL, 'uploads/products/Nisley-Slab-scaled.jpg', '2025-09-18 05:09:03', 14, 15),
(159, 'Noah', 'Color : Crme', NULL, '0.00', NULL, NULL, 'uploads/products/NOAH-FULL-SLAB-scaled.jpg', '2025-09-18 05:09:03', 14, 15),
(160, 'Pearl-Grey', 'Color : Grey', NULL, '0.00', NULL, NULL, 'uploads/products/Pearl-Grey--scaled.jpg', '2025-09-18 05:09:03', 14, 15),
(161, 'Pietra-Grey', 'Color : Grey', NULL, '0.00', NULL, NULL, 'uploads/products/Pietra-Grey-Slab-scaled.jpg', '2025-09-18 05:09:03', 14, 15),
(162, 'Poetic-Black', 'Color : Black', NULL, '0.00', NULL, NULL, 'uploads/products/POETIC-BLACK-FULL-SLAB-scaled.jpg', '2025-09-18 05:09:03', 14, 15),
(163, 'Repen', 'Color : Grey', NULL, '0.00', NULL, NULL, 'uploads/products/REPEN-FS.jpg', '2025-09-18 05:09:03', 14, 15),
(164, 'Sandy-Diamante', 'Color : Beige', NULL, '0.00', NULL, NULL, 'uploads/products/Sandy-Diamante-Slab-scaled.jpg', '2025-09-18 05:09:03', 14, 15),
(165, 'Sparkle-White', 'Color : White', NULL, '0.00', NULL, NULL, 'uploads/products/SPARKLE-WHITE-FEATURED-iMAGE.jpg', '2025-09-18 05:09:03', 14, 15),
(166, 'Toasted-Almond', 'Color : Brown', NULL, '0.00', NULL, NULL, 'uploads/products/Toasted-Almond--scaled.jpg', '2025-09-18 05:09:03', 14, 15),
(167, 'Tundra', 'Color : Grey', NULL, '0.00', NULL, NULL, 'uploads/products/Tundra-Full-slab-scaled.jpg', '2025-09-18 05:09:03', 14, 15),
(168, 'Ush', 'Color : Brown', NULL, '0.00', NULL, NULL, 'uploads/products/Ush-Full-slab-scaled.jpg', '2025-09-18 05:09:03', 14, 15),
(169, 'Verde-Botanic-Classico', 'Color : Green', NULL, '0.00', NULL, NULL, 'uploads/products/VERDE-BOTANIC-CLASSICO-FEATURED-iMAGE.jpg', '2025-09-18 05:09:03', 14, 15),
(170, 'Althea', 'Color : White', NULL, '0.00', NULL, NULL, 'uploads/products/Althea.jpg', '2025-09-18 05:12:56', 14, 16),
(171, 'Alyssa', 'Color : Beige', NULL, '0.00', NULL, NULL, 'uploads/products/Alyssa-FS-1.jpg', '2025-09-18 05:19:47', 14, 16),
(172, 'Anthracite', 'Color : Grey', NULL, '0.00', NULL, NULL, 'uploads/products/ANTHRACITE-FEATURED-IMAGE.jpg', '2025-09-18 05:19:47', 14, 16),
(173, 'Arcadio', 'Color : Beige', NULL, '0.00', NULL, NULL, 'uploads/products/Arcadio-slab-1.jpg', '2025-09-18 05:19:47', 14, 16),
(174, 'Bianco-Thassos', 'Color : White', NULL, '0.00', NULL, NULL, 'uploads/products/Bianco-Thassos-Full-slab.jpg', '2025-09-18 05:19:47', 14, 16),
(175, 'Camelia', 'Color : Cream', NULL, '0.00', NULL, NULL, 'uploads/products/Camelia-1.jpg', '2025-09-18 05:19:47', 14, 16),
(176, 'Classic-Crystal', 'Color : White', NULL, '0.00', NULL, NULL, 'uploads/products/CLASSIC-CRYSTAL-FULL-SLAB.jpg', '2025-09-18 05:19:47', 14, 16),
(177, 'Cleopatra', 'Color : White', NULL, '0.00', NULL, NULL, 'uploads/products/CLEOPATRA.jpg', '2025-09-18 05:19:47', 14, 16),
(178, 'Cottan-Crema', 'Color : Cream', NULL, '0.00', NULL, NULL, 'uploads/products/COTTAN-CREMA-FEATURED-IMAGE.jpg', '2025-09-18 05:19:47', 14, 16),
(179, 'Crema-Nova', 'Color : Cream', NULL, '0.00', NULL, NULL, 'uploads/products/Crema-Nova-Full-Slab-1.jpg', '2025-09-18 05:19:47', 14, 16),
(180, 'Crema-Satin', 'Color : Cream', NULL, '0.00', NULL, NULL, 'uploads/products/CREMA-SATIN-CREMA-GOLD-FEATURED-IMAGE.jpg', '2025-09-18 05:19:47', 14, 16),
(181, 'Cristtalo', 'Color : White', NULL, '0.00', NULL, NULL, 'uploads/products/Cristtalo-slab.jpg', '2025-09-18 05:19:47', 14, 16),
(182, 'Dallia', 'Color : Beige', NULL, '0.00', NULL, NULL, 'uploads/products/Dallia-Full-Slab-1.jpg', '2025-09-18 05:19:47', 14, 16),
(183, 'Dantea', 'Color : Cream', NULL, '0.00', NULL, NULL, 'uploads/products/DANTEA-FULL-SLAB.jpg', '2025-09-18 05:19:47', 14, 16),
(184, 'Emperador-Chiara', 'Color : Brown', NULL, '0.00', NULL, NULL, 'uploads/products/EMPERADOR-CHIARA-1.jpg', '2025-09-18 05:19:47', 14, 16),
(185, 'Emperador-Scuro', 'Color : Brown', NULL, '0.00', NULL, NULL, 'uploads/products/EMPERADOR-SCURO-1.jpg', '2025-09-18 05:19:47', 14, 16),
(186, 'Grigio-Billiame', 'Color : Brown', NULL, '0.00', NULL, NULL, 'uploads/products/GRIGIO-BILLIAME.jpg', '2025-09-18 05:19:47', 14, 16),
(187, 'Luna', 'Color : Cream', NULL, '0.00', NULL, NULL, 'uploads/products/Luna-Full-SLab.jpg', '2025-09-18 05:19:47', 14, 16),
(188, 'Majestic-Grey', 'Color : Grey', NULL, '0.00', NULL, NULL, 'uploads/products/Majestic-Grey.jpg', '2025-09-18 05:19:47', 14, 16),
(189, 'Minta-Flurry', 'Color : Grey', NULL, '0.00', NULL, NULL, 'uploads/products/MINTA-FLURRY.jpg', '2025-09-18 05:19:47', 14, 16),
(190, 'Ottoman-Beige', 'Color : Beige', NULL, '0.00', NULL, NULL, 'uploads/products/Ottoman-Beige-1.jpg', '2025-09-18 05:19:47', 14, 16),
(191, 'Palladio-Grey', 'Color : Grey', NULL, '0.00', NULL, NULL, 'uploads/products/Palladio-Grey-Full-Slab.jpg', '2025-09-18 05:19:47', 14, 16),
(192, 'Raffaele', 'Color : Cream', NULL, '0.00', NULL, NULL, 'uploads/products/RAFFAELE-FS-scaled.jpg', '2025-09-18 05:19:47', 14, 16),
(193, 'Reva-Beige', 'Color : Beige', NULL, '0.00', NULL, NULL, 'uploads/products/REVA-BEIGE-FEATURED-IMAGE.jpg', '2025-09-18 05:19:47', 14, 16),
(194, 'Romeo', 'Color : Beige', NULL, '0.00', NULL, NULL, 'uploads/products/Romeo-slab.jpg', '2025-09-18 05:19:47', 14, 16),
(195, 'Romolo', 'Color : Cream', NULL, '0.00', NULL, NULL, 'uploads/products/Romolo-Full-Slab-scaled.jpg', '2025-09-18 05:19:47', 14, 16),
(196, 'Tiberio', 'Color : Cream', NULL, '0.00', NULL, NULL, 'uploads/products/TIBERIO-FS-scaled.jpg', '2025-09-18 05:19:47', 14, 16),
(197, 'Turra', 'Color : Grey', NULL, '0.00', NULL, NULL, 'uploads/products/TURRA-FEATURED-IMAGE.jpg', '2025-09-18 05:19:47', 14, 16),
(198, 'Valentino-Or-Velante', 'Color : Brown', NULL, '0.00', NULL, NULL, 'uploads/products/VALENTINO-or-VELANTE.jpg', '2025-09-18 05:19:47', 14, 16),
(199, 'IVORY PLAIN', 'Color : Beige,Ivory', NULL, '0.00', NULL, NULL, 'Uploads/products/1759145920_IVORY_PLAIN_TILE.png', '2025-09-19 06:01:38', 26, 28),
(202, 'SINTERE GREY', 'Color: BROWN, BEIGE', NULL, '0.00', NULL, NULL, 'Uploads/products/1758522313_SINTERE_GREY_600_X_600.jpg', '2025-09-19 06:22:43', 26, 28),
(203, '577 PLASTER DUNE', 'Color: GREY', NULL, '0.00', NULL, NULL, 'Uploads/products/1758522478_577_PLASTER_DUNE_TG3482_.jpg', '2025-09-19 06:22:43', 26, 28),
(204, 'ARMANI LIGHT', 'Color: GREY', NULL, '0.00', NULL, NULL, 'Uploads/products/1758522600_ARMANI_LIGHT_600_X_600.jpg', '2025-09-19 06:22:43', 26, 28),
(205, 'MONTANA BEIGE', 'Color: BEIGE, CREAM', NULL, '0.00', NULL, NULL, 'Uploads/products/1758522665_191_MONTANA_BEIGE_B_.jpg', '2025-09-19 06:22:43', 26, 28),
(208, 'ANCONA SMOKE', 'Color: IVORY', NULL, '0.00', NULL, NULL, 'Uploads/products/1758523142_ancona_smoke.jpeg', '2025-09-19 06:22:43', 26, 28),
(209, 'FAENZA SMOKE', 'Color: IVORY', NULL, '0.00', NULL, NULL, 'Uploads/products/1758523258_faenza_smoke.png', '2025-09-19 06:22:43', 26, 28),
(210, 'FAENZA GRIGIO', 'Color: GREY', NULL, '0.00', NULL, NULL, 'Uploads/products/1758598345_faenza_grigio.jpeg', '2025-09-19 06:22:43', 26, 28),
(211, 'FAENZA MINERAL', 'Color: GREY', NULL, '0.00', NULL, NULL, 'Uploads/products/1758598540_Faenza_Mineral_01.jpg', '2025-09-19 06:22:43', 26, 28),
(212, 'FORLI OFF WHITE', 'Color: BEIGE, IVORY, CREAM', NULL, '0.00', NULL, NULL, 'Uploads/products/1758598654_Forli_off_white.jpeg', '2025-09-19 06:22:43', 26, 28),
(213, 'IMOLA CREAM', 'Color: CREAM, BEIGE', NULL, '0.00', NULL, NULL, 'Uploads/products/1758598773_IMOLA_CREAM.png', '2025-09-19 06:22:43', 26, 28),
(214, 'IMOLA OFF WHITE', 'Color: BEIGE, IVORY, CREAM', NULL, '0.00', NULL, NULL, 'Uploads/products/1758598839_imola_off_white.png', '2025-09-19 06:22:43', 26, 28),
(216, 'TELLY BEIGE', 'Color: BEIGE', NULL, '0.00', NULL, NULL, 'Uploads/products/1759145653_Telly_beige.jpeg', '2025-09-19 06:22:43', 26, 28),
(217, 'TELLY BRONZE', 'Color: BROWN', NULL, '0.00', NULL, NULL, 'Uploads/products/1758599067_TELLY_BRONZE.png', '2025-09-19 06:22:43', 26, 28),
(219, 'MONZA ANTHRACITE', 'Color: BLACK', NULL, '0.00', NULL, NULL, 'Uploads/products/1758599233_MONZA_ANTHRACITE.png', '2025-09-19 06:22:43', 26, 28),
(220, 'MARFIL RUSTIC', 'Color: BEIGE', NULL, '0.00', NULL, NULL, 'Uploads/products/1758599315_RUSTIC_MARFIL.png', '2025-09-19 06:22:43', 26, 28),
(221, 'URBAN SILVER', 'Color: GREY', NULL, '0.00', NULL, NULL, 'Uploads/products/1758598980_URBAN_SILVER.png', '2025-09-19 06:22:43', 26, 28),
(222, 'URBAN STEEL GREY', 'Color: GREY', NULL, '0.00', NULL, NULL, 'Uploads/products/1758599802_URBAN_STEEL_GREY.png', '2025-09-19 06:22:43', 26, 28),
(223, 'ROYAL IRIS', 'Color: GREY', NULL, '0.00', NULL, NULL, 'Uploads/products/1758600064_ROYAL_IRIS.png', '2025-09-19 06:22:43', 26, 28),
(224, 'ROYAL STEEL GREY', 'Color: GREY', NULL, '0.00', NULL, NULL, 'Uploads/products/1758600223_ROYAL_STEEL_GREY.png', '2025-09-19 06:22:43', 26, 28),
(225, 'ROYAL SUPER WHITE', 'Color: WHITE', NULL, '0.00', NULL, NULL, 'uploads/products/ROYAL_SUPER_WHITE.png', '2025-09-19 06:22:43', 26, 28),
(226, 'ETHNIC GOOFY', 'Color: DECOR', NULL, '0.00', NULL, NULL, 'Uploads/products/1759316147_ETHIC_GOOFY.png', '2025-09-19 06:22:43', 26, 28),
(227, 'ANDRANO GRIGIO', 'Color: DECOR', NULL, '0.00', NULL, NULL, 'Uploads/products/1758601028_ANDRANO_GRIGIO.png', '2025-09-19 06:22:43', 26, 28),
(228, 'GENOA SMOKE', 'Color: Grey , White', NULL, '0.00', NULL, NULL, 'Uploads/products/1759143503_genoa_smoke.jpeg', '2025-09-19 06:25:51', 26, 28),
(230, 'VITERBO MINERAL', 'Color: GREY', NULL, '0.00', NULL, NULL, 'Uploads/products/1758618521_viterbo_mineral.png', '2025-09-19 06:25:51', 26, 28),
(231, 'CR COOLEST IVORY', 'Color: WHITE, BROWN, BEIGE', NULL, '0.00', NULL, NULL, 'Uploads/products/1758618730_CR_COOLEST_IVORY_copy_2.jpg', '2025-09-19 06:25:51', 26, 28),
(232, 'CR E LANCY CREMA', 'Color: BEIGE, IVORY', NULL, '0.00', NULL, NULL, 'Uploads/products/1758620244_lancy_crema.png', '2025-09-19 06:25:51', 26, 28),
(233, 'SATVARIO BOOKLET 231', 'Color: WHITE, GREY', NULL, '0.00', NULL, NULL, 'Uploads/products/1758620106_231_Satvario_booklet_a.jpg', '2025-09-19 06:25:51', 26, 28),
(234, 'LOBBIES SILVER', 'Color: WHITE. GREY', NULL, '0.00', NULL, NULL, 'Uploads/products/1758620361_LOBBIES_SILVER.jpg', '2025-09-19 06:25:51', 26, 28),
(235, 'SONATA SILVER', 'Color: WHITE, GREY', NULL, '0.00', NULL, NULL, 'Uploads/products/1758620458_SONATA_SILVER.jpg', '2025-09-19 06:25:51', 26, 28),
(236, 'BRILLIANCE BEIGE', 'Color: BEIGE', NULL, '0.00', NULL, NULL, 'Uploads/products/1759143753_BRILLIANZE_BEIGE.jpg', '2025-09-19 06:25:51', 26, 28),
(237, 'BRILLIANCE SILVER', 'Color: GREY', NULL, '0.00', NULL, NULL, 'Uploads/products/1759143803_BRILLIANZE_SILVER.jpg', '2025-09-19 06:25:51', 26, 28),
(238, 'PLAIN WHITE', 'Color: WHITE', NULL, '0.00', NULL, NULL, 'Uploads/products/1758620983_PLAIN_WHITE.jpg', '2025-09-19 06:25:51', 26, 28),
(239, 'ARMANI MAYRA', 'Color: CREAM, BROWN', NULL, '0.00', NULL, NULL, 'Uploads/products/1759143883_ARMANI_MEHRA.jpg', '2025-09-19 06:25:51', 26, 28),
(240, 'CYRENE BEIGE', 'Color: BEIGE', NULL, '0.00', NULL, NULL, 'Uploads/products/1758621228_CYRENE_BEIGE.jpg', '2025-09-19 06:25:51', 26, 28),
(241, 'DOVE SATUARIO', ' Color: WHITE , GREY', NULL, '0.00', NULL, NULL, 'Uploads/products/1758619734_DOVE_SATUARIO.jpg', '2025-09-19 06:25:51', 26, 28),
(242, 'AMELIA GRIS', 'Color: GREY', NULL, '0.00', NULL, NULL, 'Uploads/products/1758597831_AMELIA_GRIS.png', '2025-09-19 06:25:51', 26, 28),
(243, 'FAENZA BEIGE', 'Color: BEIGE , IVORY', NULL, '0.00', NULL, NULL, 'Uploads/products/1758620884_FAENZA_BEIGE_.png', '2025-09-19 06:25:51', 26, 28),
(244, 'MONZA BEIGE', 'Color: BEIGE', NULL, '0.00', NULL, NULL, 'Uploads/products/1758618400_monza_beige_600X600_.png', '2025-09-19 06:25:51', 26, 28),
(245, 'MONZA GRIGIO', 'Color: GREY', NULL, '0.00', NULL, NULL, 'Uploads/products/1758620662_MONZA_GRIGIO.png', '2025-09-19 06:25:51', 26, 28),
(246, 'ORISAL BROWN', ' Color: BROWN', NULL, '0.00', NULL, NULL, 'Uploads/products/1758621001_ORISAL_BROWN_L.png', '2025-09-19 06:25:51', 26, 28),
(247, 'ORISAL BROWN D', 'Color: BROWN', NULL, '0.00', NULL, NULL, 'Uploads/products/1758621050_ORISAL_BROWN_D.png', '2025-09-19 06:25:51', 26, 28),
(248, 'ORISAL MINERAL', 'Color: GREY', NULL, '0.00', NULL, NULL, 'uploads/products/ORISAL_MINERAL2.png', '2025-09-19 06:25:51', 26, 28),
(249, 'ORISAL SMOKE', ' Color: BROWN , GREY', NULL, '0.00', NULL, NULL, 'Uploads/products/1758621398_orisal_smoke.png', '2025-09-19 06:25:51', 26, 28),
(264, 'TUPELO GREY', 'Color: Grey', NULL, '0.00', NULL, NULL, 'Uploads/products/1759315966_tupelo_grey.png', '2025-09-19 06:25:51', 26, 28),
(265, 'TUPELO MAPLE', 'Color: Grey', NULL, '0.00', NULL, NULL, 'uploads/products/TUPELO_MAPLE.png', '2025-09-19 06:25:51', 26, 28),
(266, 'ANCONA BRUNO', 'Color: BROWN', NULL, '0.00', NULL, NULL, 'Uploads/products/1758617631_ANCONA_BRUNO.jpeg', '2025-09-19 00:55:51', 26, 28),
(267, 'ANCONA GRIGIO', 'Color: GREY', NULL, '0.00', NULL, NULL, 'Uploads/products/1758522982_ANCONA_GRIGIO_1_.png', '2025-09-19 00:55:51', 26, 28),
(268, 'CATANIA BEIGE', 'Color: BEIGE, BROWN', NULL, '0.00', NULL, NULL, 'Uploads/products/1759146166_Catania_Beige.jpg', '2025-09-19 00:55:51', 26, 28),
(270, 'DIMONA SAND', 'Color: GREY', NULL, '0.00', NULL, NULL, 'Uploads/products/1758599158_DIMONA_SAND.png', '2025-09-19 00:55:51', 26, 28),
(271, 'MECEDONIA BEIGE', 'Color: BEIGE ,  IVORY, CREAM', NULL, '0.00', NULL, NULL, 'Uploads/products/1758622449_MECEDONIA_BEIGE-R1.jpg', '2025-09-19 00:55:51', 26, 28),
(272, 'THALES GREY', 'Color: GREY, IVORY, CREAM', NULL, '0.00', NULL, NULL, 'Uploads/products/1758622512_thales_grey.png', '2025-09-19 00:55:51', 26, 28),
(273, 'AURORA SATUARIO', 'Color: GREY , WHITE', NULL, '0.00', NULL, NULL, 'Uploads/products/1759146253_AURORA_STATUARIO1.jpg', '2025-09-19 00:55:51', 26, 28),
(274, 'TUSKEN BIANCO', 'Color: BROWN , GREY', NULL, '0.00', NULL, NULL, 'Uploads/products/1759146395_TUSKEN_BLANCO.jpg', '2025-09-19 00:55:51', 26, 28),
(275, 'ARLES BIANCO', 'Color: BEIGE , BROWN', NULL, '0.00', NULL, NULL, 'Uploads/products/1758617978_Toulon_Grey_GRF.png', '2025-09-19 00:55:51', 26, 28),
(276, 'TOULON GREY', 'Color: GREY', NULL, '0.00', NULL, NULL, 'Uploads/products/1758518160_Toulon_Grey_GRF.png', '2025-09-19 00:55:51', 26, 28),
(277, 'APRICOT HONEY', 'Color: HONEY', NULL, '0.00', NULL, NULL, 'Uploads/products/1759146416_APRICOT-HONEY.png', '2025-09-19 00:55:51', 26, 28),
(278, 'LATINA CREMA', 'Color: Cream', NULL, '0.00', NULL, NULL, 'Uploads/products/1759316498_LATINA_CREMA.png', '2025-09-19 00:55:51', 26, 28),
(279, 'TUPELO CHOCO', 'Color: Brown', NULL, '0.00', NULL, NULL, 'Uploads/products/1759146510_TUPELO_CHOCO.png', '2025-09-19 00:55:51', 26, 28),
(281, 'DARK , LIGHT BLUE MIX', 'Color : Blue', '130(50%)135(50%)', '0.00', NULL, NULL, 'Uploads/products/1758691731_Mosaics.jpg', '2025-09-23 07:24:15', 27, 30),
(282, 'GEMS BLUE BLEND', 'Color : Blue', '323(50%)325(50%)', '0.00', NULL, NULL, 'Uploads/products/1758695323_Mosaics.jpg', '2025-09-23 07:24:15', 27, 30),
(283, 'IRIDIUM MIX   BLEND BLACK & RED', 'Color : Red , Black', 'IA560(80%)IA961(20%)', '0.00', NULL, NULL, 'Uploads/products/1758695163_Mosaics.jpg', '2025-09-23 07:24:15', 27, 30),
(284, 'PLAIN BLUE JAZZY', 'Color : Blue', '1528(100%)', '0.00', NULL, NULL, 'Uploads/products/1758692517_Mosaics.jpg', '2025-09-23 07:24:15', 27, 30),
(285, 'BLUE WAVE BLEND DARK', 'Color : Blue', '147(33%)148(33%)149(34%)D', '0.00', NULL, NULL, 'Uploads/products/1758691644_Mosaics.jpg', '2025-09-23 07:24:15', 27, 30),
(286, 'CEMENT GREY BLEND', 'Color : Blue', '105(50%)106(50%)', '0.00', NULL, NULL, 'Uploads/products/1758692914_Mosaics.jpg', '2025-09-23 07:24:15', 27, 30),
(287, 'FOREST GREEN MIX', 'Color : Green', '208(40%)209(40%)210(20%)', '0.00', NULL, NULL, 'Uploads/products/1758695531_jungle_green_1.jpg', '2025-09-23 07:24:15', 27, 30),
(288, 'HAWAIIAN BLUE BLEND', 'Color : Blue', '130(33%)131(33%)132(34%)', '0.00', NULL, NULL, 'Uploads/products/1758695694_hawaiian_blue_1.jpg', '2025-09-23 07:24:15', 27, 30),
(289, 'HAWAIIAN BLUE BLEND DARK', 'Color : Blue', '130(34%)131(33%)132(34%)D', '0.00', NULL, NULL, 'Uploads/products/1758695649_hawaiian_blue_1.jpg', '2025-09-23 07:24:15', 27, 30),
(290, 'OPAL GREEN MIX', 'Color :Green', '161(34%)162(33%)163(33%)', '0.00', NULL, NULL, 'Uploads/products/1758694280_Mosaics.jpg', '2025-09-23 07:24:15', 27, 30),
(291, 'OPAL JUNGLE GREEN BLEND', 'Color : Green', '202(25%)204(50%)205(25%)', '0.00', NULL, NULL, 'Uploads/products/1758693882_Mosaics.jpg', '2025-09-23 07:24:15', 27, 30),
(292, 'PINE GREEN BLEND', 'Color : Green', '167(20%)168(40%)169(40%)', '0.00', NULL, NULL, 'Uploads/products/1758693947_Mosaics.jpg', '2025-09-23 07:24:15', 27, 30),
(293, 'PINK FANTASY', 'Color : Pink', '181(50%)182(50%)', '0.00', NULL, NULL, 'Uploads/products/1758694034_Mosaics.jpg', '2025-09-23 07:24:15', 27, 30),
(294, 'PLAIN OPAL BLACK', 'Color :Black ', '108(100%)', '0.00', NULL, NULL, 'Uploads/products/1758694153_Mosaics.jpg', '2025-09-23 07:24:15', 27, 30),
(295, 'OPAL GREEN MIX', 'Color : Green', '161(33%)162(33%)163(33%)', '0.00', NULL, NULL, 'Uploads/products/1758693680_Mosaics.jpg', '2025-09-23 07:24:15', 27, 30),
(296, 'AMBER BROWN BLEND', 'Color : Brown', '223(45%)224(45%)468(10%)', '0.00', NULL, NULL, 'Uploads/products/1758694440_Mosaics.jpg', '2025-09-23 07:24:15', 27, 30),
(297, 'SEYCHELLES BLUE HEXA', 'Color : Blue', '525(100%)', '0.00', NULL, NULL, 'Uploads/products/1758694531_Mosaics.jpg', '2025-09-23 07:24:15', 27, 30),
(298, 'VENETO BLUE MIX HEXAGON', 'Color : Blue', '528(40%)530(40%)532(20%)', '0.00', NULL, NULL, 'Uploads/products/1758694634_VENETO_BLUE_HEXA.jpg', '2025-09-23 07:24:15', 27, 31),
(299, 'SEA GREEN BLEND HEXA', 'Color : Green', '561(46%)562(34%)569(20%)', '0.00', NULL, NULL, 'Uploads/products/1758694748_Mosaics.jpg', '2025-09-23 07:24:15', 27, 30),
(300, 'DENIM BLUE MIX', 'Color : Blue', '535(25%)537(50%)539(25%)', '0.00', NULL, NULL, 'Uploads/products/1758694822_DENIM_BLUE.jpg', '2025-09-23 07:24:15', 27, 30),
(301, 'OCEAN GREEN 2', 'Color : Green', '566(40%)567(40%)569(20%)ST', '0.00', NULL, NULL, 'Uploads/products/1758694923_OCEAM_GREEN_2.jpg', '2025-09-23 07:24:15', 27, 30),
(302, 'SUKABUMI GREEN 2', 'Color : Green', '566(100%)ST', '0.00', NULL, NULL, 'Uploads/products/1758616723_SUKABUMI_GREEN_2.jpg', '2025-09-23 07:24:15', 27, 30);

-- --------------------------------------------------------

--
-- Table structure for table `product_filters`
--

CREATE TABLE `product_filters` (
  `id` int(11) NOT NULL,
  `product_id` int(11) NOT NULL,
  `filter_option_id` int(11) NOT NULL
) ENGINE=InnoDB DEFAULT CHARSET=latin1;

--
-- Dumping data for table `product_filters`
--

INSERT INTO `product_filters` (`id`, `product_id`, `filter_option_id`) VALUES
(1, 265, 22),
(2, 265, 21),
(3, 265, 43),
(4, 265, 27),
(5, 265, 47),
(6, 265, 37),
(420, 203, 22),
(421, 203, 45),
(423, 203, 21),
(424, 203, 44),
(426, 203, 22),
(427, 203, 45),
(429, 203, 21),
(430, 203, 44),
(432, 203, 40),
(433, 203, 25),
(434, 203, 2),
(435, 203, 37),
(451, 205, 22),
(452, 205, 45),
(454, 205, 21),
(455, 205, 44),
(457, 205, 22),
(458, 205, 45),
(460, 205, 21),
(461, 205, 44),
(463, 205, 25),
(464, 205, 2),
(465, 205, 37),
(516, 210, 22),
(517, 210, 45),
(519, 210, 21),
(520, 210, 44),
(522, 210, 41),
(523, 210, 26),
(524, 210, 2),
(525, 210, 37),
(526, 209, 22),
(527, 209, 45),
(529, 209, 21),
(530, 209, 44),
(532, 209, 22),
(533, 209, 45),
(535, 209, 21),
(536, 209, 44),
(538, 209, 41),
(539, 209, 26),
(540, 209, 2),
(541, 209, 37),
(542, 208, 22),
(543, 208, 45),
(545, 208, 21),
(546, 208, 44),
(548, 208, 22),
(549, 208, 45),
(551, 208, 21),
(552, 208, 44),
(554, 208, 40),
(555, 208, 26),
(556, 208, 2),
(557, 208, 37),
(574, 204, 22),
(575, 204, 45),
(577, 204, 21),
(578, 204, 44),
(580, 204, 22),
(581, 204, 45),
(583, 204, 21),
(584, 204, 44),
(586, 204, 39),
(587, 204, 25),
(588, 204, 2),
(589, 204, 37),
(590, 202, 22),
(591, 202, 45),
(593, 202, 21),
(594, 202, 44),
(596, 202, 22),
(597, 202, 45),
(599, 202, 21),
(600, 202, 44),
(602, 202, 39),
(603, 202, 24),
(604, 202, 2),
(605, 202, 37),
(606, 211, 22),
(607, 211, 45),
(609, 211, 21),
(610, 211, 44),
(612, 211, 41),
(613, 211, 26),
(614, 211, 2),
(615, 211, 37),
(616, 212, 22),
(617, 212, 45),
(619, 212, 21),
(620, 212, 44),
(622, 212, 41),
(623, 212, 26),
(624, 212, 2),
(625, 212, 37),
(626, 213, 22),
(627, 213, 45),
(629, 213, 21),
(630, 213, 44),
(632, 213, 41),
(633, 213, 26),
(634, 213, 2),
(635, 213, 37),
(636, 214, 22),
(637, 214, 45),
(639, 214, 21),
(640, 214, 44),
(642, 214, 41),
(643, 214, 26),
(644, 214, 2),
(645, 214, 37),
(656, 221, 22),
(657, 221, 45),
(659, 221, 40),
(660, 221, 27),
(661, 221, 2),
(662, 221, 36),
(673, 217, 41),
(674, 217, 26),
(675, 217, 2),
(676, 217, 37),
(687, 219, 22),
(688, 219, 45),
(690, 219, 21),
(691, 219, 44),
(693, 219, 41),
(694, 219, 28),
(695, 219, 2),
(696, 219, 37),
(697, 220, 22),
(698, 220, 45),
(700, 220, 40),
(701, 220, 25),
(702, 220, 2),
(703, 220, 36),
(704, 222, 22),
(705, 222, 45),
(707, 222, 40),
(708, 222, 27),
(709, 222, 2),
(710, 222, 36),
(711, 223, 22),
(712, 223, 45),
(714, 223, 38),
(715, 223, 29),
(716, 223, 2),
(717, 223, 36),
(718, 224, 22),
(719, 224, 45),
(721, 224, 38),
(722, 224, 29),
(723, 224, 2),
(724, 224, 36),
(725, 225, 22),
(726, 225, 45),
(728, 225, 38),
(729, 225, 29),
(730, 225, 2),
(731, 225, 36),
(742, 227, 22),
(743, 227, 45),
(745, 227, 21),
(746, 227, 44),
(748, 227, 42),
(749, 227, 26),
(750, 227, 2),
(751, 227, 37),
(758, 302, 51),
(759, 302, 56),
(760, 302, 60),
(812, 230, 22),
(813, 230, 45),
(815, 230, 40),
(816, 230, 30),
(817, 230, 2),
(818, 230, 37),
(840, 233, 22),
(841, 233, 45),
(843, 233, 21),
(844, 233, 44),
(846, 233, 39),
(847, 233, 24),
(848, 233, 34),
(849, 233, 37),
(850, 232, 22),
(851, 232, 45),
(853, 232, 21),
(854, 232, 44),
(856, 232, 39),
(857, 232, 31),
(858, 232, 34),
(859, 232, 37),
(860, 231, 22),
(861, 231, 45),
(863, 231, 21),
(864, 231, 44),
(866, 231, 22),
(867, 231, 45),
(869, 231, 21),
(870, 231, 44),
(872, 231, 39),
(873, 231, 31),
(874, 231, 34),
(875, 231, 37),
(892, 234, 22),
(893, 234, 45),
(895, 234, 21),
(896, 234, 44),
(898, 234, 39),
(899, 234, 24),
(900, 234, 34),
(901, 234, 37),
(902, 235, 22),
(903, 235, 45),
(905, 235, 21),
(906, 235, 44),
(908, 235, 39),
(909, 235, 24),
(910, 235, 34),
(911, 235, 37),
(944, 238, 22),
(945, 238, 45),
(947, 238, 21),
(948, 238, 44),
(950, 238, 38),
(951, 238, 24),
(952, 238, 34),
(953, 238, 37),
(1004, 267, 22),
(1005, 267, 45),
(1007, 267, 21),
(1008, 267, 44),
(1010, 267, 22),
(1011, 267, 45),
(1013, 267, 21),
(1014, 267, 44),
(1016, 267, 41),
(1017, 267, 40),
(1018, 267, 26),
(1019, 267, 34),
(1020, 267, 37),
(1051, 270, 22),
(1052, 270, 45),
(1054, 270, 21),
(1055, 270, 44),
(1057, 270, 22),
(1058, 270, 45),
(1060, 270, 21),
(1061, 270, 44),
(1063, 270, 40),
(1064, 270, 27),
(1065, 270, 34),
(1066, 270, 37),
(1067, 271, 22),
(1068, 271, 45),
(1070, 271, 21),
(1071, 271, 44),
(1073, 271, 22),
(1074, 271, 45),
(1076, 271, 21),
(1077, 271, 44),
(1079, 271, 39),
(1080, 271, 40),
(1081, 271, 8),
(1082, 271, 32),
(1084, 271, 37),
(1085, 272, 22),
(1086, 272, 45),
(1088, 272, 21),
(1089, 272, 44),
(1091, 272, 22),
(1092, 272, 45),
(1094, 272, 21),
(1095, 272, 44),
(1097, 272, 39),
(1098, 272, 40),
(1099, 272, 8),
(1100, 272, 32),
(1102, 272, 37),
(1135, 275, 22),
(1136, 275, 45),
(1138, 275, 21),
(1139, 275, 44),
(1141, 275, 22),
(1142, 275, 45),
(1144, 275, 21),
(1145, 275, 44),
(1147, 275, 40),
(1148, 275, 43),
(1149, 275, 25),
(1150, 275, 47),
(1151, 275, 37),
(1152, 276, 22),
(1153, 276, 45),
(1155, 276, 21),
(1156, 276, 44),
(1158, 276, 22),
(1159, 276, 45),
(1161, 276, 21),
(1162, 276, 44),
(1164, 276, 40),
(1165, 276, 43),
(1166, 276, 25),
(1167, 276, 47),
(1168, 276, 37),
(1169, 240, 22),
(1170, 240, 45),
(1172, 240, 21),
(1173, 240, 44),
(1175, 240, 22),
(1176, 240, 45),
(1178, 240, 21),
(1179, 240, 44),
(1181, 240, 39),
(1182, 240, 40),
(1183, 240, 24),
(1184, 240, 34),
(1185, 240, 37),
(1186, 241, 22),
(1187, 241, 45),
(1189, 241, 21),
(1190, 241, 44),
(1192, 241, 22),
(1193, 241, 45),
(1195, 241, 21),
(1196, 241, 44),
(1198, 241, 39),
(1199, 241, 40),
(1200, 241, 24),
(1201, 241, 8),
(1202, 241, 32),
(1204, 241, 8),
(1205, 241, 32),
(1207, 241, 34),
(1208, 241, 37),
(1209, 242, 22),
(1210, 242, 45),
(1212, 242, 21),
(1213, 242, 44),
(1215, 242, 22),
(1216, 242, 45),
(1218, 242, 21),
(1219, 242, 44),
(1221, 242, 39),
(1222, 242, 40),
(1223, 242, 25),
(1224, 242, 34),
(1225, 242, 37),
(1226, 243, 22),
(1227, 243, 45),
(1229, 243, 21),
(1230, 243, 44),
(1232, 243, 22),
(1233, 243, 45),
(1235, 243, 21),
(1236, 243, 44),
(1238, 243, 41),
(1239, 243, 40),
(1240, 243, 26),
(1241, 243, 34),
(1242, 243, 37),
(1260, 244, 22),
(1261, 244, 45),
(1263, 244, 21),
(1264, 244, 44),
(1266, 244, 22),
(1267, 244, 45),
(1269, 244, 21),
(1270, 244, 44),
(1272, 244, 41),
(1273, 244, 40),
(1274, 244, 26),
(1275, 244, 34),
(1276, 244, 37),
(1277, 245, 22),
(1278, 245, 45),
(1280, 245, 21),
(1281, 245, 44),
(1283, 245, 22),
(1284, 245, 45),
(1286, 245, 21),
(1287, 245, 44),
(1289, 245, 41),
(1290, 245, 40),
(1291, 245, 26),
(1292, 245, 34),
(1293, 245, 37),
(1294, 246, 22),
(1295, 246, 45),
(1297, 246, 21),
(1298, 246, 44),
(1300, 246, 22),
(1301, 246, 45),
(1303, 246, 21),
(1304, 246, 44),
(1306, 246, 41),
(1307, 246, 40),
(1308, 246, 27),
(1309, 246, 34),
(1310, 246, 37),
(1311, 247, 22),
(1312, 247, 45),
(1314, 247, 21),
(1315, 247, 44),
(1317, 247, 22),
(1318, 247, 45),
(1320, 247, 21),
(1321, 247, 44),
(1323, 247, 41),
(1324, 247, 40),
(1325, 247, 27),
(1326, 247, 34),
(1327, 247, 37),
(1328, 248, 22),
(1329, 248, 45),
(1331, 248, 21),
(1332, 248, 44),
(1334, 248, 22),
(1335, 248, 45),
(1337, 248, 21),
(1338, 248, 44),
(1340, 248, 41),
(1341, 248, 40),
(1342, 248, 27),
(1343, 248, 34),
(1344, 248, 37),
(1345, 249, 22),
(1346, 249, 45),
(1348, 249, 21),
(1349, 249, 44),
(1351, 249, 22),
(1352, 249, 45),
(1354, 249, 21),
(1355, 249, 44),
(1357, 249, 41),
(1358, 249, 40),
(1359, 249, 27),
(1360, 249, 34),
(1361, 249, 37),
(1362, 266, 22),
(1363, 266, 45),
(1365, 266, 21),
(1366, 266, 44),
(1368, 266, 22),
(1369, 266, 45),
(1371, 266, 21),
(1372, 266, 44),
(1374, 266, 41),
(1375, 266, 40),
(1376, 266, 27),
(1377, 266, 34),
(1378, 266, 37),
(1379, 285, 48),
(1380, 285, 55),
(1381, 285, 61),
(1388, 284, 48),
(1389, 284, 54),
(1390, 284, 61),
(1391, 286, 48),
(1392, 286, 55),
(1393, 286, 61),
(1415, 291, 48),
(1416, 291, 55),
(1417, 291, 61),
(1418, 292, 48),
(1419, 292, 55),
(1420, 292, 61),
(1421, 293, 48),
(1422, 293, 55),
(1423, 293, 61),
(1424, 294, 48),
(1425, 294, 55),
(1426, 294, 61),
(1427, 295, 48),
(1428, 295, 55),
(1429, 295, 61),
(1430, 290, 48),
(1431, 290, 55),
(1432, 290, 61),
(1433, 296, 48),
(1434, 296, 55),
(1435, 296, 61),
(1436, 297, 49),
(1437, 297, 56),
(1438, 297, 58),
(1439, 297, 59),
(1446, 299, 50),
(1447, 299, 56),
(1448, 299, 58),
(1449, 299, 59),
(1451, 300, 50),
(1452, 300, 56),
(1453, 300, 58),
(1454, 300, 59),
(1456, 301, 51),
(1457, 301, 56),
(1458, 301, 60),
(1459, 283, 53),
(1460, 283, 61),
(1461, 281, 48),
(1462, 281, 25),
(1463, 281, 61),
(1464, 282, 48),
(1465, 282, 52),
(1466, 282, 61),
(1470, 287, 48),
(1471, 287, 55),
(1472, 287, 61),
(1473, 289, 48),
(1474, 289, 55),
(1475, 289, 61),
(1476, 288, 48),
(1477, 288, 55),
(1478, 288, 61),
(1479, 228, 22),
(1480, 228, 45),
(1482, 228, 21),
(1483, 228, 44),
(1485, 228, 40),
(1486, 228, 26),
(1487, 228, 34),
(1488, 228, 37),
(1489, 236, 22),
(1490, 236, 45),
(1492, 236, 21),
(1493, 236, 44),
(1495, 236, 22),
(1496, 236, 45),
(1498, 236, 21),
(1499, 236, 44),
(1501, 236, 39),
(1502, 236, 24),
(1503, 236, 34),
(1504, 236, 37),
(1505, 237, 22),
(1506, 237, 45),
(1508, 237, 21),
(1509, 237, 44),
(1511, 237, 22),
(1512, 237, 45),
(1514, 237, 21),
(1515, 237, 44),
(1517, 237, 39),
(1518, 237, 24),
(1519, 237, 34),
(1520, 237, 37),
(1521, 239, 22),
(1522, 239, 45),
(1524, 239, 21),
(1525, 239, 44),
(1527, 239, 22),
(1528, 239, 45),
(1530, 239, 21),
(1531, 239, 44),
(1533, 239, 39),
(1534, 239, 24),
(1535, 239, 34),
(1536, 239, 37),
(1537, 216, 22),
(1538, 216, 45),
(1540, 216, 21),
(1541, 216, 44),
(1543, 216, 22),
(1544, 216, 45),
(1546, 216, 21),
(1547, 216, 44),
(1549, 216, 41),
(1550, 216, 26),
(1551, 216, 2),
(1552, 216, 37),
(1553, 268, 22),
(1554, 268, 45),
(1556, 268, 21),
(1557, 268, 44),
(1559, 268, 22),
(1560, 268, 45),
(1562, 268, 21),
(1563, 268, 44),
(1565, 268, 41),
(1566, 268, 40),
(1567, 268, 27),
(1568, 268, 34),
(1569, 268, 37),
(1570, 273, 22),
(1571, 273, 45),
(1573, 273, 21),
(1574, 273, 44),
(1576, 273, 22),
(1577, 273, 45),
(1579, 273, 21),
(1580, 273, 44),
(1582, 273, 39),
(1583, 273, 40),
(1584, 273, 8),
(1585, 273, 32),
(1587, 273, 8),
(1588, 273, 32),
(1590, 273, 46),
(1591, 273, 37),
(1592, 274, 22),
(1593, 274, 45),
(1595, 274, 21),
(1596, 274, 44),
(1598, 274, 22),
(1599, 274, 45),
(1601, 274, 21),
(1602, 274, 44),
(1604, 274, 39),
(1605, 274, 40),
(1606, 274, 8),
(1607, 274, 32),
(1609, 274, 8),
(1610, 274, 32),
(1612, 274, 46),
(1613, 274, 37),
(1614, 277, 22),
(1615, 277, 45),
(1617, 277, 21),
(1618, 277, 44),
(1620, 277, 22),
(1621, 277, 45),
(1623, 277, 21),
(1624, 277, 44),
(1626, 277, 43),
(1627, 277, 27),
(1628, 277, 47),
(1629, 277, 36),
(1630, 277, 37),
(1631, 279, 22),
(1632, 279, 45),
(1634, 279, 21),
(1635, 279, 44),
(1637, 279, 22),
(1638, 279, 45),
(1640, 279, 21),
(1641, 279, 44),
(1643, 279, 43),
(1644, 279, 27),
(1645, 279, 47),
(1646, 279, 37),
(1647, 264, 22),
(1648, 264, 45),
(1650, 264, 21),
(1651, 264, 44),
(1653, 264, 22),
(1654, 264, 45),
(1656, 264, 21),
(1657, 264, 44),
(1659, 264, 43),
(1660, 264, 27),
(1661, 264, 47),
(1662, 264, 37),
(1663, 226, 22),
(1664, 226, 45),
(1666, 226, 21),
(1667, 226, 44),
(1669, 226, 22),
(1670, 226, 45),
(1672, 226, 21),
(1673, 226, 44),
(1675, 226, 42),
(1676, 226, 26),
(1677, 226, 2),
(1678, 226, 37),
(1679, 278, 22),
(1680, 278, 45),
(1682, 278, 21),
(1683, 278, 44),
(1685, 278, 22),
(1686, 278, 45),
(1688, 278, 21),
(1689, 278, 44),
(1691, 278, 43),
(1692, 278, 27),
(1693, 278, 47),
(1694, 278, 37),
(1695, 298, 49),
(1696, 298, 56),
(1697, 298, 58),
(1698, 298, 59),
(1700, 298, 58),
(1701, 298, 59),
(1703, 11, 2),
(1704, 11, 4),
(1705, 11, 8),
(1706, 11, 9),
(1707, 11, 19),
(1708, 11, 22),
(1709, 11, 23),
(1710, 12, 2),
(1711, 12, 4),
(1712, 12, 8),
(1713, 12, 18),
(1714, 11, 19),
(1715, 11, 22),
(1716, 11, 23),
(1717, 13, 3),
(1718, 13, 5),
(1719, 13, 9),
(1720, 13, 10),
(1721, 13, 19),
(1722, 13, 21),
(1723, 13, 23),
(1724, 14, 7),
(1725, 14, 8),
(1726, 14, 18),
(1727, 14, 19),
(1728, 14, 22),
(1729, 15, 2),
(1730, 15, 14),
(1731, 15, 15),
(1732, 15, 9),
(1733, 15, 12),
(1734, 15, 18),
(1735, 15, 20),
(1736, 16, 2),
(1737, 16, 9),
(1738, 16, 19),
(1739, 16, 21),
(1740, 17, 61),
(1741, 17, 9),
(1742, 17, 18),
(1743, 17, 20),
(1744, 18, 1),
(1745, 18, 9),
(1746, 19, 61),
(1747, 19, 8),
(1748, 19, 20),
(1749, 65, 2),
(1750, 65, 4),
(1751, 65, 8),
(1752, 65, 32),
(1753, 65, 22),
(1754, 65, 23),
(1755, 65, 45),
(1756, 43, 1),
(1757, 43, 2),
(1758, 43, 3),
(1759, 43, 4),
(1760, 43, 7),
(1761, 43, 8),
(1762, 43, 32),
(1763, 43, 18),
(1764, 43, 19),
(1765, 43, 20),
(1766, 43, 21),
(1767, 43, 22),
(1768, 43, 23),
(1769, 43, 44),
(1770, 43, 45),
(1771, 44, 1),
(1772, 44, 2),
(1773, 44, 3),
(1774, 44, 4),
(1775, 44, 7),
(1776, 44, 8),
(1777, 44, 32),
(1778, 44, 18),
(1779, 44, 19),
(1780, 44, 20),
(1781, 44, 21),
(1782, 44, 22),
(1783, 44, 23),
(1784, 44, 44),
(1785, 44, 45),
(1786, 45, 1),
(1787, 45, 2),
(1788, 45, 3),
(1789, 45, 4),
(1790, 45, 7),
(1791, 45, 8),
(1792, 45, 32),
(1793, 45, 18),
(1794, 45, 19),
(1795, 45, 20),
(1796, 45, 21),
(1797, 45, 22),
(1798, 45, 23),
(1799, 45, 44),
(1800, 45, 45),
(1801, 46, 1),
(1802, 46, 2),
(1803, 46, 3),
(1804, 46, 4),
(1805, 46, 7),
(1806, 46, 8),
(1807, 46, 32),
(1808, 46, 18),
(1809, 46, 19),
(1810, 46, 20),
(1811, 46, 21),
(1812, 46, 22),
(1813, 46, 23),
(1814, 46, 44),
(1815, 46, 45),
(1816, 47, 1),
(1817, 47, 2),
(1818, 47, 3),
(1819, 47, 4),
(1820, 47, 7),
(1821, 47, 8),
(1822, 47, 32),
(1823, 47, 18),
(1824, 47, 19),
(1825, 47, 20),
(1826, 47, 21),
(1827, 47, 22),
(1828, 47, 23),
(1829, 47, 44),
(1830, 47, 45),
(1831, 48, 1),
(1832, 48, 2),
(1833, 48, 3),
(1834, 48, 4),
(1835, 48, 7),
(1836, 48, 8),
(1837, 48, 32),
(1838, 48, 18),
(1839, 48, 19),
(1840, 48, 20),
(1841, 48, 21),
(1842, 48, 22),
(1843, 48, 23),
(1844, 48, 44),
(1845, 48, 45),
(1846, 49, 1),
(1847, 49, 2),
(1848, 49, 3),
(1849, 49, 4),
(1850, 49, 7),
(1851, 49, 8),
(1852, 49, 32),
(1853, 49, 18),
(1854, 49, 19),
(1855, 49, 20),
(1856, 49, 21),
(1857, 49, 22),
(1858, 49, 23),
(1859, 49, 44),
(1860, 49, 45),
(1861, 50, 1),
(1862, 50, 2),
(1863, 50, 3),
(1864, 50, 4),
(1865, 50, 7),
(1866, 50, 8),
(1867, 50, 32),
(1868, 50, 18),
(1869, 50, 19),
(1870, 50, 20),
(1871, 50, 21),
(1872, 50, 22),
(1873, 50, 23),
(1874, 50, 44),
(1875, 50, 45),
(1876, 51, 1),
(1877, 51, 2),
(1878, 51, 3),
(1879, 51, 4),
(1880, 51, 7),
(1881, 51, 8),
(1882, 51, 32),
(1883, 51, 18),
(1884, 51, 19),
(1885, 51, 20),
(1886, 51, 21),
(1887, 51, 22),
(1888, 51, 23),
(1889, 51, 44),
(1890, 51, 45),
(1891, 52, 1),
(1892, 52, 2),
(1893, 52, 3),
(1894, 52, 4),
(1895, 52, 7),
(1896, 52, 8),
(1897, 52, 32),
(1898, 52, 18),
(1899, 52, 19),
(1900, 52, 20),
(1901, 52, 21),
(1902, 52, 22),
(1903, 52, 23),
(1904, 52, 44),
(1905, 52, 45),
(1906, 53, 1),
(1907, 53, 2),
(1908, 53, 3),
(1909, 53, 4),
(1910, 53, 7),
(1911, 53, 8),
(1912, 53, 32),
(1913, 53, 18),
(1914, 53, 19),
(1915, 53, 20),
(1916, 53, 21),
(1917, 53, 22),
(1918, 53, 23),
(1919, 53, 44),
(1920, 53, 45),
(1921, 54, 1),
(1922, 54, 2),
(1923, 54, 3),
(1924, 54, 4),
(1925, 54, 7),
(1926, 54, 8),
(1927, 54, 32),
(1928, 54, 18),
(1929, 54, 19),
(1930, 54, 20),
(1931, 54, 21),
(1932, 54, 22),
(1933, 54, 23),
(1934, 54, 44),
(1935, 54, 45),
(1936, 55, 1),
(1937, 55, 2),
(1938, 55, 3),
(1939, 55, 4),
(1940, 55, 7),
(1941, 55, 8),
(1942, 55, 32),
(1943, 55, 18),
(1944, 55, 19),
(1945, 55, 20),
(1946, 55, 21),
(1947, 55, 22),
(1948, 55, 23),
(1949, 55, 44),
(1950, 55, 45),
(1951, 56, 1),
(1952, 56, 2),
(1953, 56, 3),
(1954, 56, 4),
(1955, 56, 7),
(1956, 56, 8),
(1957, 56, 32),
(1958, 56, 18),
(1959, 56, 19),
(1960, 56, 20),
(1961, 56, 21),
(1962, 56, 22),
(1963, 56, 23),
(1964, 56, 44),
(1965, 56, 45),
(1966, 57, 1),
(1967, 57, 2),
(1968, 57, 3),
(1969, 57, 4),
(1970, 57, 7),
(1971, 57, 8),
(1972, 57, 32),
(1973, 57, 18),
(1974, 57, 19),
(1975, 57, 20),
(1976, 57, 21),
(1977, 57, 22),
(1978, 57, 23),
(1979, 57, 44),
(1980, 57, 45),
(1981, 58, 1),
(1982, 58, 2),
(1983, 58, 3),
(1984, 58, 4),
(1985, 58, 7),
(1986, 58, 8),
(1987, 58, 32),
(1988, 58, 18),
(1989, 58, 19),
(1990, 58, 20),
(1991, 58, 21),
(1992, 58, 22),
(1993, 58, 23),
(1994, 58, 44),
(1995, 58, 45),
(1996, 60, 1),
(1997, 60, 2),
(1998, 60, 3),
(1999, 60, 4),
(2000, 60, 7),
(2001, 60, 8),
(2002, 60, 32),
(2003, 60, 18),
(2004, 60, 19),
(2005, 60, 20),
(2006, 60, 21),
(2007, 60, 22),
(2008, 60, 23),
(2009, 60, 44),
(2010, 60, 45),
(2011, 61, 1),
(2012, 61, 2),
(2013, 61, 3),
(2014, 61, 4),
(2015, 61, 7),
(2016, 61, 8),
(2017, 61, 32),
(2018, 61, 18),
(2019, 61, 19),
(2020, 61, 20),
(2021, 61, 21),
(2022, 61, 22),
(2023, 61, 23),
(2024, 61, 44),
(2025, 61, 45),
(2026, 62, 1),
(2027, 62, 2),
(2028, 62, 3),
(2029, 62, 4),
(2030, 62, 7),
(2031, 62, 8),
(2032, 62, 32),
(2033, 62, 18),
(2034, 62, 19),
(2035, 62, 20),
(2036, 62, 21),
(2037, 62, 22),
(2038, 62, 23),
(2039, 62, 44),
(2040, 62, 45),
(2041, 63, 1),
(2042, 63, 2),
(2043, 63, 3),
(2044, 63, 4),
(2045, 63, 7),
(2046, 63, 8),
(2047, 63, 32),
(2048, 63, 18),
(2049, 63, 19),
(2050, 63, 20),
(2051, 63, 21),
(2052, 63, 22),
(2053, 63, 23),
(2054, 63, 44),
(2055, 63, 45),
(2056, 64, 1),
(2057, 64, 2),
(2058, 64, 3),
(2059, 64, 4),
(2060, 64, 7),
(2061, 64, 8),
(2062, 64, 32),
(2063, 64, 18),
(2064, 64, 19),
(2065, 64, 20),
(2066, 64, 21),
(2067, 64, 22),
(2068, 64, 23),
(2069, 64, 44),
(2070, 64, 45),
(2071, 65, 1),
(2072, 65, 2),
(2073, 65, 3),
(2074, 65, 4),
(2075, 65, 7),
(2076, 65, 8),
(2077, 65, 32),
(2078, 65, 18),
(2079, 65, 19),
(2080, 65, 20),
(2081, 65, 21),
(2082, 65, 22),
(2083, 65, 23),
(2084, 65, 44),
(2085, 65, 45),
(2267, 1, 1),
(2268, 1, 2),
(2269, 1, 3),
(2270, 1, 4),
(2271, 1, 5),
(2272, 1, 6),
(2273, 1, 7),
(2274, 1, 8),
(2275, 1, 9),
(2276, 1, 10),
(2277, 1, 11),
(2278, 1, 32),
(2279, 1, 18),
(2280, 1, 19),
(2281, 1, 21),
(2282, 1, 22),
(2283, 1, 23),
(2284, 1, 44),
(2285, 1, 45),
(2286, 2, 1),
(2287, 2, 2),
(2288, 2, 3),
(2289, 2, 4),
(2290, 2, 5),
(2291, 2, 6),
(2292, 2, 7),
(2293, 2, 8),
(2294, 2, 9),
(2295, 2, 10),
(2296, 2, 11),
(2297, 2, 32),
(2298, 2, 18),
(2299, 2, 19),
(2300, 2, 21),
(2301, 2, 22),
(2302, 2, 23),
(2303, 2, 44),
(2304, 2, 45),
(2305, 3, 1),
(2306, 3, 2),
(2307, 3, 3),
(2308, 3, 4),
(2309, 3, 5),
(2310, 3, 6),
(2311, 3, 7),
(2312, 3, 8),
(2313, 3, 9),
(2314, 3, 10),
(2315, 3, 11),
(2316, 3, 32),
(2317, 3, 18),
(2318, 3, 19),
(2319, 3, 21),
(2320, 3, 22),
(2321, 3, 23),
(2322, 3, 44),
(2323, 3, 45),
(2324, 6, 1),
(2325, 6, 2),
(2326, 6, 3),
(2327, 6, 4),
(2328, 6, 5),
(2329, 6, 6),
(2330, 6, 7),
(2331, 6, 8),
(2332, 6, 9),
(2333, 6, 10),
(2334, 6, 11),
(2335, 6, 32),
(2336, 6, 18),
(2337, 6, 19),
(2338, 6, 21),
(2339, 6, 22),
(2340, 6, 23),
(2341, 6, 44),
(2342, 6, 45),
(2343, 7, 1),
(2344, 7, 2),
(2345, 7, 3),
(2346, 7, 4),
(2347, 7, 5),
(2348, 7, 6),
(2349, 7, 7),
(2350, 7, 8),
(2351, 7, 9),
(2352, 7, 10),
(2353, 7, 11),
(2354, 7, 32),
(2355, 7, 18),
(2356, 7, 19),
(2357, 7, 21),
(2358, 7, 22),
(2359, 7, 23),
(2360, 7, 44),
(2361, 7, 45),
(2362, 8, 1),
(2363, 8, 2),
(2364, 8, 3),
(2365, 8, 4),
(2366, 8, 5),
(2367, 8, 6),
(2368, 8, 7),
(2369, 8, 8),
(2370, 8, 9),
(2371, 8, 10),
(2372, 8, 11),
(2373, 8, 32),
(2374, 8, 18),
(2375, 8, 19),
(2376, 8, 21),
(2377, 8, 22),
(2378, 8, 23),
(2379, 8, 44),
(2380, 8, 45),
(2381, 9, 1),
(2382, 9, 2),
(2383, 9, 3),
(2384, 9, 4),
(2385, 9, 5),
(2386, 9, 6),
(2387, 9, 7),
(2388, 9, 8),
(2389, 9, 9),
(2390, 9, 10),
(2391, 9, 11),
(2392, 9, 32),
(2393, 9, 18),
(2394, 9, 19),
(2395, 9, 21),
(2396, 9, 22),
(2397, 9, 23),
(2398, 9, 44),
(2399, 9, 45),
(2400, 10, 1),
(2401, 10, 2),
(2402, 10, 3),
(2403, 10, 4),
(2404, 10, 5),
(2405, 10, 6),
(2406, 10, 7),
(2407, 10, 8),
(2408, 10, 9),
(2409, 10, 10),
(2410, 10, 11),
(2411, 10, 32),
(2412, 10, 18),
(2413, 10, 19),
(2414, 10, 21),
(2415, 10, 22),
(2416, 10, 23),
(2417, 10, 44),
(2418, 10, 45),
(2419, 11, 1),
(2420, 11, 2),
(2421, 11, 3),
(2422, 11, 4),
(2423, 11, 5),
(2424, 11, 6),
(2425, 11, 7),
(2426, 11, 8),
(2427, 11, 9),
(2428, 11, 10),
(2429, 11, 11),
(2430, 11, 32),
(2431, 11, 18),
(2432, 11, 19),
(2433, 11, 21),
(2434, 11, 22),
(2435, 11, 23),
(2436, 11, 44),
(2437, 11, 45),
(2438, 12, 1),
(2439, 12, 2),
(2440, 12, 3),
(2441, 12, 4),
(2442, 12, 5),
(2443, 12, 6),
(2444, 12, 7),
(2445, 12, 8),
(2446, 12, 9),
(2447, 12, 10),
(2448, 12, 11),
(2449, 12, 32),
(2450, 12, 18),
(2451, 12, 19),
(2452, 12, 21),
(2453, 12, 22),
(2454, 12, 23),
(2455, 12, 44),
(2456, 12, 45),
(2457, 13, 1),
(2458, 13, 2),
(2459, 13, 3),
(2460, 13, 4),
(2461, 13, 5),
(2462, 13, 6),
(2463, 13, 7),
(2464, 13, 8),
(2465, 13, 9),
(2466, 13, 10),
(2467, 13, 11),
(2468, 13, 32),
(2469, 13, 18),
(2470, 13, 19),
(2471, 13, 21),
(2472, 13, 22),
(2473, 13, 23),
(2474, 13, 44),
(2475, 13, 45),
(2476, 14, 1),
(2477, 14, 2),
(2478, 14, 3),
(2479, 14, 4),
(2480, 14, 5),
(2481, 14, 6),
(2482, 14, 7),
(2483, 14, 8),
(2484, 14, 9),
(2485, 14, 10),
(2486, 14, 11),
(2487, 14, 32),
(2488, 14, 18),
(2489, 14, 19),
(2490, 14, 21),
(2491, 14, 22),
(2492, 14, 23),
(2493, 14, 44),
(2494, 14, 45),
(2495, 15, 1),
(2496, 15, 2),
(2497, 15, 3),
(2498, 15, 4),
(2499, 15, 5),
(2500, 15, 6),
(2501, 15, 7),
(2502, 15, 8),
(2503, 15, 9),
(2504, 15, 10),
(2505, 15, 11),
(2506, 15, 32),
(2507, 15, 18),
(2508, 15, 19),
(2509, 15, 21),
(2510, 15, 22),
(2511, 15, 23),
(2512, 15, 44),
(2513, 15, 45),
(2514, 16, 1),
(2515, 16, 2),
(2516, 16, 3),
(2517, 16, 4),
(2518, 16, 5),
(2519, 16, 6),
(2520, 16, 7),
(2521, 16, 8),
(2522, 16, 9),
(2523, 16, 10),
(2524, 16, 11),
(2525, 16, 32),
(2526, 16, 18),
(2527, 16, 19),
(2528, 16, 21),
(2529, 16, 22),
(2530, 16, 23),
(2531, 16, 44),
(2532, 16, 45),
(2533, 17, 1),
(2534, 17, 2),
(2535, 17, 3),
(2536, 17, 4),
(2537, 17, 5),
(2538, 17, 6),
(2539, 17, 7),
(2540, 17, 8),
(2541, 17, 9),
(2542, 17, 10),
(2543, 17, 11),
(2544, 17, 32),
(2545, 17, 18),
(2546, 17, 19),
(2547, 17, 21),
(2548, 17, 22),
(2549, 17, 23),
(2550, 17, 44),
(2551, 17, 45),
(2552, 18, 1),
(2553, 18, 2),
(2554, 18, 3),
(2555, 18, 4),
(2556, 18, 5),
(2557, 18, 6),
(2558, 18, 7),
(2559, 18, 8),
(2560, 18, 9),
(2561, 18, 10),
(2562, 18, 11),
(2563, 18, 32),
(2564, 18, 18),
(2565, 18, 19),
(2566, 18, 21),
(2567, 18, 22),
(2568, 18, 23),
(2569, 18, 44),
(2570, 18, 45),
(2571, 19, 1),
(2572, 19, 2),
(2573, 19, 3),
(2574, 19, 4),
(2575, 19, 5),
(2576, 19, 6),
(2577, 19, 7),
(2578, 19, 8),
(2579, 19, 9),
(2580, 19, 10),
(2581, 19, 11),
(2582, 19, 32),
(2583, 19, 18),
(2584, 19, 19),
(2585, 19, 21),
(2586, 19, 22),
(2587, 19, 23),
(2588, 19, 44),
(2589, 19, 45),
(2590, 20, 1),
(2591, 20, 2),
(2592, 20, 3),
(2593, 20, 4),
(2594, 20, 5),
(2595, 20, 6),
(2596, 20, 7),
(2597, 20, 8),
(2598, 20, 9),
(2599, 20, 10),
(2600, 20, 11),
(2601, 20, 32),
(2602, 20, 18),
(2603, 20, 19),
(2604, 20, 21),
(2605, 20, 22),
(2606, 20, 23),
(2607, 20, 44),
(2608, 20, 45),
(2609, 21, 1),
(2610, 21, 2),
(2611, 21, 3),
(2612, 21, 4),
(2613, 21, 5),
(2614, 21, 6),
(2615, 21, 7),
(2616, 21, 8),
(2617, 21, 9),
(2618, 21, 10),
(2619, 21, 11),
(2620, 21, 32),
(2621, 21, 18),
(2622, 21, 19),
(2623, 21, 21),
(2624, 21, 22),
(2625, 21, 23),
(2626, 21, 44),
(2627, 21, 45),
(2628, 22, 1),
(2629, 22, 2),
(2630, 22, 3),
(2631, 22, 4),
(2632, 22, 5),
(2633, 22, 6),
(2634, 22, 7),
(2635, 22, 8),
(2636, 22, 9),
(2637, 22, 10),
(2638, 22, 11),
(2639, 22, 32),
(2640, 22, 18),
(2641, 22, 19),
(2642, 22, 21),
(2643, 22, 22),
(2644, 22, 23),
(2645, 22, 44),
(2646, 22, 45),
(2647, 23, 1),
(2648, 23, 2),
(2649, 23, 3),
(2650, 23, 4),
(2651, 23, 5),
(2652, 23, 6),
(2653, 23, 7),
(2654, 23, 8),
(2655, 23, 9),
(2656, 23, 10),
(2657, 23, 11),
(2658, 23, 32),
(2659, 23, 18),
(2660, 23, 19),
(2661, 23, 21),
(2662, 23, 22),
(2663, 23, 23),
(2664, 23, 44),
(2665, 23, 45),
(2666, 24, 1),
(2667, 24, 2),
(2668, 24, 3),
(2669, 24, 4),
(2670, 24, 5),
(2671, 24, 6),
(2672, 24, 7),
(2673, 24, 8),
(2674, 24, 9),
(2675, 24, 10),
(2676, 24, 11),
(2677, 24, 32),
(2678, 24, 18),
(2679, 24, 19),
(2680, 24, 21),
(2681, 24, 22),
(2682, 24, 23),
(2683, 24, 44),
(2684, 24, 45),
(2685, 25, 1),
(2686, 25, 2),
(2687, 25, 3),
(2688, 25, 4),
(2689, 25, 5),
(2690, 25, 6),
(2691, 25, 7),
(2692, 25, 8),
(2693, 25, 9),
(2694, 25, 10),
(2695, 25, 11),
(2696, 25, 32),
(2697, 25, 18),
(2698, 25, 19),
(2699, 25, 21),
(2700, 25, 22),
(2701, 25, 23),
(2702, 25, 44),
(2703, 25, 45),
(2704, 26, 1),
(2705, 26, 2),
(2706, 26, 3),
(2707, 26, 4),
(2708, 26, 5),
(2709, 26, 6),
(2710, 26, 7),
(2711, 26, 8),
(2712, 26, 9),
(2713, 26, 10),
(2714, 26, 11),
(2715, 26, 32),
(2716, 26, 18),
(2717, 26, 19),
(2718, 26, 21),
(2719, 26, 22),
(2720, 26, 23),
(2721, 26, 44),
(2722, 26, 45),
(2723, 27, 1),
(2724, 27, 2),
(2725, 27, 3),
(2726, 27, 4),
(2727, 27, 5),
(2728, 27, 6),
(2729, 27, 7),
(2730, 27, 8),
(2731, 27, 9),
(2732, 27, 10),
(2733, 27, 11),
(2734, 27, 32),
(2735, 27, 18),
(2736, 27, 19),
(2737, 27, 21),
(2738, 27, 22),
(2739, 27, 23),
(2740, 27, 44),
(2741, 27, 45),
(2742, 28, 1),
(2743, 28, 2),
(2744, 28, 3),
(2745, 28, 4),
(2746, 28, 5),
(2747, 28, 6),
(2748, 28, 7),
(2749, 28, 8),
(2750, 28, 9),
(2751, 28, 10),
(2752, 28, 11),
(2753, 28, 32),
(2754, 28, 18),
(2755, 28, 19),
(2756, 28, 21),
(2757, 28, 22),
(2758, 28, 23),
(2759, 28, 44),
(2760, 28, 45),
(2761, 29, 1),
(2762, 29, 2),
(2763, 29, 3),
(2764, 29, 4),
(2765, 29, 5),
(2766, 29, 6),
(2767, 29, 7),
(2768, 29, 8),
(2769, 29, 9),
(2770, 29, 10),
(2771, 29, 11),
(2772, 29, 32),
(2773, 29, 18),
(2774, 29, 19),
(2775, 29, 21),
(2776, 29, 22),
(2777, 29, 23),
(2778, 29, 44),
(2779, 29, 45),
(2780, 30, 1),
(2781, 30, 2),
(2782, 30, 3),
(2783, 30, 4),
(2784, 30, 5),
(2785, 30, 6),
(2786, 30, 7),
(2787, 30, 8),
(2788, 30, 9),
(2789, 30, 10),
(2790, 30, 11),
(2791, 30, 32),
(2792, 30, 18),
(2793, 30, 19),
(2794, 30, 21),
(2795, 30, 22),
(2796, 30, 23),
(2797, 30, 44),
(2798, 30, 45),
(2799, 31, 1),
(2800, 31, 2),
(2801, 31, 3),
(2802, 31, 4),
(2803, 31, 5),
(2804, 31, 6),
(2805, 31, 7),
(2806, 31, 8),
(2807, 31, 9),
(2808, 31, 10),
(2809, 31, 11),
(2810, 31, 32),
(2811, 31, 18),
(2812, 31, 19),
(2813, 31, 21),
(2814, 31, 22),
(2815, 31, 23),
(2816, 31, 44),
(2817, 31, 45),
(2818, 32, 1),
(2819, 32, 2),
(2820, 32, 3),
(2821, 32, 4),
(2822, 32, 5),
(2823, 32, 6),
(2824, 32, 7),
(2825, 32, 8),
(2826, 32, 9),
(2827, 32, 10),
(2828, 32, 11),
(2829, 32, 32),
(2830, 32, 18),
(2831, 32, 19),
(2832, 32, 21),
(2833, 32, 22),
(2834, 32, 23),
(2835, 32, 44),
(2836, 32, 45),
(2837, 33, 1),
(2838, 33, 2),
(2839, 33, 3),
(2840, 33, 4),
(2841, 33, 5),
(2842, 33, 6),
(2843, 33, 7),
(2844, 33, 8),
(2845, 33, 9),
(2846, 33, 10),
(2847, 33, 11),
(2848, 33, 32),
(2849, 33, 18),
(2850, 33, 19),
(2851, 33, 21),
(2852, 33, 22),
(2853, 33, 23),
(2854, 33, 44),
(2855, 33, 45),
(2856, 34, 1),
(2857, 34, 2),
(2858, 34, 3),
(2859, 34, 4),
(2860, 34, 5),
(2861, 34, 6),
(2862, 34, 7),
(2863, 34, 8),
(2864, 34, 9),
(2865, 34, 10),
(2866, 34, 11),
(2867, 34, 32),
(2868, 34, 18),
(2869, 34, 19),
(2870, 34, 21),
(2871, 34, 22),
(2872, 34, 23),
(2873, 34, 44),
(2874, 34, 45),
(2875, 35, 1),
(2876, 35, 2),
(2877, 35, 3),
(2878, 35, 4),
(2879, 35, 5),
(2880, 35, 6),
(2881, 35, 7),
(2882, 35, 8),
(2883, 35, 9),
(2884, 35, 10),
(2885, 35, 11),
(2886, 35, 32),
(2887, 35, 18),
(2888, 35, 19),
(2889, 35, 21),
(2890, 35, 22),
(2891, 35, 23),
(2892, 35, 44),
(2893, 35, 45),
(2894, 36, 1),
(2895, 36, 2),
(2896, 36, 3),
(2897, 36, 4),
(2898, 36, 5),
(2899, 36, 6),
(2900, 36, 7),
(2901, 36, 8),
(2902, 36, 9),
(2903, 36, 10),
(2904, 36, 11),
(2905, 36, 32),
(2906, 36, 18),
(2907, 36, 19),
(2908, 36, 21),
(2909, 36, 22),
(2910, 36, 23),
(2911, 36, 44),
(2912, 36, 45),
(2913, 37, 1),
(2914, 37, 2),
(2915, 37, 3),
(2916, 37, 4),
(2917, 37, 5),
(2918, 37, 6),
(2919, 37, 7),
(2920, 37, 8),
(2921, 37, 9),
(2922, 37, 10),
(2923, 37, 11),
(2924, 37, 32),
(2925, 37, 18),
(2926, 37, 19),
(2927, 37, 21),
(2928, 37, 22),
(2929, 37, 23),
(2930, 37, 44),
(2931, 37, 45),
(2932, 38, 1),
(2933, 38, 2),
(2934, 38, 3),
(2935, 38, 4),
(2936, 38, 5),
(2937, 38, 6),
(2938, 38, 7),
(2939, 38, 8),
(2940, 38, 9),
(2941, 38, 10),
(2942, 38, 11),
(2943, 38, 32),
(2944, 38, 18),
(2945, 38, 19),
(2946, 38, 21),
(2947, 38, 22),
(2948, 38, 23),
(2949, 38, 44),
(2950, 38, 45),
(2951, 39, 1),
(2952, 39, 2),
(2953, 39, 3),
(2954, 39, 4),
(2955, 39, 5),
(2956, 39, 6),
(2957, 39, 7),
(2958, 39, 8),
(2959, 39, 9),
(2960, 39, 10),
(2961, 39, 11),
(2962, 39, 32),
(2963, 39, 18),
(2964, 39, 19),
(2965, 39, 21),
(2966, 39, 22),
(2967, 39, 23),
(2968, 39, 44),
(2969, 39, 45),
(2970, 40, 1),
(2971, 40, 2),
(2972, 40, 3),
(2973, 40, 4),
(2974, 40, 5),
(2975, 40, 6),
(2976, 40, 7),
(2977, 40, 8),
(2978, 40, 9),
(2979, 40, 10),
(2980, 40, 11),
(2981, 40, 32),
(2982, 40, 18),
(2983, 40, 19),
(2984, 40, 21),
(2985, 40, 22),
(2986, 40, 23),
(2987, 40, 44),
(2988, 40, 45),
(2989, 41, 1),
(2990, 41, 2),
(2991, 41, 3),
(2992, 41, 4),
(2993, 41, 5),
(2994, 41, 6),
(2995, 41, 7),
(2996, 41, 8),
(2997, 41, 9),
(2998, 41, 10),
(2999, 41, 11),
(3000, 41, 32),
(3001, 41, 18),
(3002, 41, 19),
(3003, 41, 21),
(3004, 41, 22),
(3005, 41, 23),
(3006, 41, 44),
(3007, 41, 45),
(3008, 42, 1),
(3009, 42, 2),
(3010, 42, 3),
(3011, 42, 4),
(3012, 42, 5),
(3013, 42, 6),
(3014, 42, 7),
(3015, 42, 8),
(3016, 42, 9),
(3017, 42, 10),
(3018, 42, 11),
(3019, 42, 32),
(3020, 42, 18),
(3021, 42, 19),
(3022, 42, 21),
(3023, 42, 22),
(3024, 42, 23),
(3025, 42, 44),
(3026, 42, 45),
(3027, 59, 1),
(3028, 59, 2),
(3029, 59, 3),
(3030, 59, 4),
(3031, 59, 5),
(3032, 59, 6),
(3033, 59, 7),
(3034, 59, 8),
(3035, 59, 9),
(3036, 59, 10),
(3037, 59, 11),
(3038, 59, 32),
(3039, 59, 18),
(3040, 59, 19),
(3041, 59, 21),
(3042, 59, 22),
(3043, 59, 23),
(3044, 59, 44),
(3045, 59, 45),
(3290, 69, 1),
(3291, 69, 2),
(3292, 69, 3),
(3293, 69, 4),
(3294, 69, 5),
(3295, 69, 6),
(3296, 69, 7),
(3297, 69, 8),
(3298, 69, 9),
(3299, 69, 10),
(3300, 69, 11),
(3301, 69, 12),
(3302, 69, 13),
(3303, 69, 32),
(3304, 69, 18),
(3305, 69, 19),
(3306, 69, 20),
(3307, 69, 21),
(3308, 69, 22),
(3309, 69, 23),
(3310, 69, 44),
(3311, 69, 45),
(3312, 70, 1),
(3313, 70, 2),
(3314, 70, 3),
(3315, 70, 4),
(3316, 70, 5),
(3317, 70, 6),
(3318, 70, 7),
(3319, 70, 8),
(3320, 70, 9),
(3321, 70, 10),
(3322, 70, 11),
(3323, 70, 12),
(3324, 70, 13),
(3325, 70, 32),
(3326, 70, 18),
(3327, 70, 19),
(3328, 70, 20),
(3329, 70, 21),
(3330, 70, 22),
(3331, 70, 23),
(3332, 70, 44),
(3333, 70, 45),
(3334, 71, 1),
(3335, 71, 2),
(3336, 71, 3),
(3337, 71, 4),
(3338, 71, 5),
(3339, 71, 6),
(3340, 71, 7),
(3341, 71, 8),
(3342, 71, 9),
(3343, 71, 10),
(3344, 71, 11),
(3345, 71, 12),
(3346, 71, 13),
(3347, 71, 32),
(3348, 71, 18),
(3349, 71, 19),
(3350, 71, 20),
(3351, 71, 21),
(3352, 71, 22),
(3353, 71, 23),
(3354, 71, 44),
(3355, 71, 45),
(3356, 72, 1),
(3357, 72, 2),
(3358, 72, 3),
(3359, 72, 4),
(3360, 72, 5),
(3361, 72, 6),
(3362, 72, 7),
(3363, 72, 8),
(3364, 72, 9),
(3365, 72, 10),
(3366, 72, 11),
(3367, 72, 12),
(3368, 72, 13),
(3369, 72, 32),
(3370, 72, 18),
(3371, 72, 19),
(3372, 72, 20),
(3373, 72, 21),
(3374, 72, 22),
(3375, 72, 23),
(3376, 72, 44),
(3377, 72, 45),
(3378, 73, 1),
(3379, 73, 2),
(3380, 73, 3),
(3381, 73, 4),
(3382, 73, 5),
(3383, 73, 6),
(3384, 73, 7),
(3385, 73, 8),
(3386, 73, 9),
(3387, 73, 10),
(3388, 73, 11),
(3389, 73, 12),
(3390, 73, 13),
(3391, 73, 32),
(3392, 73, 18),
(3393, 73, 19),
(3394, 73, 20),
(3395, 73, 21),
(3396, 73, 22),
(3397, 73, 23),
(3398, 73, 44),
(3399, 73, 45),
(3400, 74, 1),
(3401, 74, 2),
(3402, 74, 3),
(3403, 74, 4),
(3404, 74, 5),
(3405, 74, 6),
(3406, 74, 7),
(3407, 74, 8),
(3408, 74, 9),
(3409, 74, 10),
(3410, 74, 11),
(3411, 74, 12),
(3412, 74, 13),
(3413, 74, 32),
(3414, 74, 18),
(3415, 74, 19),
(3416, 74, 20),
(3417, 74, 21),
(3418, 74, 22),
(3419, 74, 23),
(3420, 74, 44),
(3421, 74, 45),
(3422, 75, 1),
(3423, 75, 2),
(3424, 75, 3),
(3425, 75, 4),
(3426, 75, 5),
(3427, 75, 6),
(3428, 75, 7),
(3429, 75, 8),
(3430, 75, 9),
(3431, 75, 10),
(3432, 75, 11),
(3433, 75, 12),
(3434, 75, 13),
(3435, 75, 32),
(3436, 75, 18),
(3437, 75, 19),
(3438, 75, 20),
(3439, 75, 21),
(3440, 75, 22),
(3441, 75, 23),
(3442, 75, 44),
(3443, 75, 45),
(3444, 76, 1),
(3445, 76, 2),
(3446, 76, 3),
(3447, 76, 4),
(3448, 76, 5),
(3449, 76, 6),
(3450, 76, 7),
(3451, 76, 8),
(3452, 76, 9),
(3453, 76, 10),
(3454, 76, 11),
(3455, 76, 12),
(3456, 76, 13),
(3457, 76, 32),
(3458, 76, 18),
(3459, 76, 19),
(3460, 76, 20),
(3461, 76, 21),
(3462, 76, 22),
(3463, 76, 23),
(3464, 76, 44),
(3465, 76, 45),
(3466, 77, 1),
(3467, 77, 2),
(3468, 77, 3),
(3469, 77, 4),
(3470, 77, 5),
(3471, 77, 6),
(3472, 77, 7),
(3473, 77, 8),
(3474, 77, 9),
(3475, 77, 10),
(3476, 77, 11),
(3477, 77, 12),
(3478, 77, 13),
(3479, 77, 32),
(3480, 77, 18),
(3481, 77, 19),
(3482, 77, 20),
(3483, 77, 21),
(3484, 77, 22),
(3485, 77, 23),
(3486, 77, 44),
(3487, 77, 45),
(3488, 78, 1),
(3489, 78, 2),
(3490, 78, 3),
(3491, 78, 4),
(3492, 78, 5),
(3493, 78, 6),
(3494, 78, 7),
(3495, 78, 8),
(3496, 78, 9),
(3497, 78, 10),
(3498, 78, 11),
(3499, 78, 12),
(3500, 78, 13),
(3501, 78, 32),
(3502, 78, 18),
(3503, 78, 19),
(3504, 78, 20),
(3505, 78, 21),
(3506, 78, 22),
(3507, 78, 23),
(3508, 78, 44),
(3509, 78, 45),
(3510, 79, 1),
(3511, 79, 2),
(3512, 79, 3),
(3513, 79, 4),
(3514, 79, 5),
(3515, 79, 6),
(3516, 79, 7),
(3517, 79, 8),
(3518, 79, 9),
(3519, 79, 10),
(3520, 79, 11),
(3521, 79, 12),
(3522, 79, 13),
(3523, 79, 32),
(3524, 79, 18),
(3525, 79, 19),
(3526, 79, 20),
(3527, 79, 21),
(3528, 79, 22),
(3529, 79, 23),
(3530, 79, 44),
(3531, 79, 45),
(3532, 80, 1),
(3533, 80, 2),
(3534, 80, 3),
(3535, 80, 4),
(3536, 80, 5),
(3537, 80, 6),
(3538, 80, 7),
(3539, 80, 8),
(3540, 80, 9),
(3541, 80, 10),
(3542, 80, 11),
(3543, 80, 12),
(3544, 80, 13),
(3545, 80, 32),
(3546, 80, 18),
(3547, 80, 19),
(3548, 80, 20),
(3549, 80, 21),
(3550, 80, 22),
(3551, 80, 23),
(3552, 80, 44),
(3553, 80, 45),
(3801, 69, 1),
(3802, 69, 2),
(3803, 69, 3),
(3804, 69, 4),
(3805, 69, 5),
(3806, 69, 6),
(3807, 69, 7),
(3808, 69, 8),
(3809, 69, 9),
(3810, 69, 10),
(3811, 69, 11),
(3812, 69, 12),
(3813, 69, 13),
(3814, 69, 32),
(3815, 69, 18),
(3816, 69, 19),
(3817, 69, 20),
(3818, 69, 21),
(3819, 69, 22),
(3820, 69, 23),
(3821, 69, 44),
(3822, 69, 45),
(3823, 70, 1),
(3824, 70, 2),
(3825, 70, 3),
(3826, 70, 4),
(3827, 70, 5),
(3828, 70, 6),
(3829, 70, 7),
(3830, 70, 8),
(3831, 70, 9),
(3832, 70, 10),
(3833, 70, 11),
(3834, 70, 12),
(3835, 70, 13),
(3836, 70, 32),
(3837, 70, 18),
(3838, 70, 19),
(3839, 70, 20),
(3840, 70, 21),
(3841, 70, 22),
(3842, 70, 23),
(3843, 70, 44),
(3844, 70, 45),
(3845, 71, 1),
(3846, 71, 2),
(3847, 71, 3),
(3848, 71, 4),
(3849, 71, 5),
(3850, 71, 6),
(3851, 71, 7),
(3852, 71, 8),
(3853, 71, 9),
(3854, 71, 10),
(3855, 71, 11),
(3856, 71, 12),
(3857, 71, 13),
(3858, 71, 32),
(3859, 71, 18),
(3860, 71, 19),
(3861, 71, 20),
(3862, 71, 21),
(3863, 71, 22),
(3864, 71, 23),
(3865, 71, 44),
(3866, 71, 45),
(3867, 72, 1),
(3868, 72, 2),
(3869, 72, 3),
(3870, 72, 4),
(3871, 72, 5),
(3872, 72, 6),
(3873, 72, 7),
(3874, 72, 8),
(3875, 72, 9),
(3876, 72, 10),
(3877, 72, 11),
(3878, 72, 12),
(3879, 72, 13),
(3880, 72, 32),
(3881, 72, 18),
(3882, 72, 19),
(3883, 72, 20),
(3884, 72, 21),
(3885, 72, 22),
(3886, 72, 23),
(3887, 72, 44),
(3888, 72, 45),
(3889, 73, 1),
(3890, 73, 2),
(3891, 73, 3),
(3892, 73, 4),
(3893, 73, 5),
(3894, 73, 6),
(3895, 73, 7),
(3896, 73, 8),
(3897, 73, 9),
(3898, 73, 10),
(3899, 73, 11),
(3900, 73, 12),
(3901, 73, 13),
(3902, 73, 32),
(3903, 73, 18),
(3904, 73, 19),
(3905, 73, 20),
(3906, 73, 21),
(3907, 73, 22),
(3908, 73, 23),
(3909, 73, 44),
(3910, 73, 45),
(3911, 74, 1),
(3912, 74, 2),
(3913, 74, 3),
(3914, 74, 4),
(3915, 74, 5),
(3916, 74, 6),
(3917, 74, 7),
(3918, 74, 8),
(3919, 74, 9),
(3920, 74, 10),
(3921, 74, 11),
(3922, 74, 12),
(3923, 74, 13),
(3924, 74, 32),
(3925, 74, 18),
(3926, 74, 19),
(3927, 74, 20),
(3928, 74, 21),
(3929, 74, 22),
(3930, 74, 23),
(3931, 74, 44),
(3932, 74, 45),
(3933, 75, 1),
(3934, 75, 2),
(3935, 75, 3),
(3936, 75, 4),
(3937, 75, 5),
(3938, 75, 6),
(3939, 75, 7),
(3940, 75, 8),
(3941, 75, 9),
(3942, 75, 10),
(3943, 75, 11),
(3944, 75, 12),
(3945, 75, 13),
(3946, 75, 32),
(3947, 75, 18),
(3948, 75, 19),
(3949, 75, 20),
(3950, 75, 21),
(3951, 75, 22),
(3952, 75, 23),
(3953, 75, 44),
(3954, 75, 45),
(3955, 76, 1),
(3956, 76, 2),
(3957, 76, 3),
(3958, 76, 4),
(3959, 76, 5),
(3960, 76, 6),
(3961, 76, 7),
(3962, 76, 8),
(3963, 76, 9),
(3964, 76, 10),
(3965, 76, 11),
(3966, 76, 12),
(3967, 76, 13),
(3968, 76, 32),
(3969, 76, 18),
(3970, 76, 19),
(3971, 76, 20),
(3972, 76, 21),
(3973, 76, 22),
(3974, 76, 23),
(3975, 76, 44),
(3976, 76, 45),
(3977, 77, 1),
(3978, 77, 2),
(3979, 77, 3),
(3980, 77, 4),
(3981, 77, 5),
(3982, 77, 6),
(3983, 77, 7),
(3984, 77, 8),
(3985, 77, 9),
(3986, 77, 10),
(3987, 77, 11),
(3988, 77, 12),
(3989, 77, 13),
(3990, 77, 32),
(3991, 77, 18),
(3992, 77, 19),
(3993, 77, 20),
(3994, 77, 21),
(3995, 77, 22),
(3996, 77, 23),
(3997, 77, 44),
(3998, 77, 45),
(3999, 78, 1),
(4000, 78, 2),
(4001, 78, 3),
(4002, 78, 4),
(4003, 78, 5),
(4004, 78, 6),
(4005, 78, 7),
(4006, 78, 8),
(4007, 78, 9),
(4008, 78, 10),
(4009, 78, 11),
(4010, 78, 12),
(4011, 78, 13),
(4012, 78, 32),
(4013, 78, 18),
(4014, 78, 19),
(4015, 78, 20),
(4016, 78, 21),
(4017, 78, 22),
(4018, 78, 23),
(4019, 78, 44),
(4020, 78, 45),
(4021, 79, 1),
(4022, 79, 2),
(4023, 79, 3),
(4024, 79, 4),
(4025, 79, 5),
(4026, 79, 6),
(4027, 79, 7),
(4028, 79, 8),
(4029, 79, 9),
(4030, 79, 10),
(4031, 79, 11),
(4032, 79, 12),
(4033, 79, 13),
(4034, 79, 32),
(4035, 79, 18),
(4036, 79, 19),
(4037, 79, 20),
(4038, 79, 21),
(4039, 79, 22),
(4040, 79, 23),
(4041, 79, 44),
(4042, 79, 45),
(4043, 80, 1),
(4044, 80, 2),
(4045, 80, 3),
(4046, 80, 4),
(4047, 80, 5),
(4048, 80, 6),
(4049, 80, 7),
(4050, 80, 8),
(4051, 80, 9),
(4052, 80, 10),
(4053, 80, 11),
(4054, 80, 12),
(4055, 80, 13),
(4056, 80, 32),
(4057, 80, 18),
(4058, 80, 19),
(4059, 80, 20),
(4060, 80, 21),
(4061, 80, 22),
(4062, 80, 23),
(4063, 80, 44),
(4064, 80, 45),
(4312, 88, 2),
(4313, 88, 3),
(4314, 88, 61),
(4315, 88, 9),
(4316, 88, 18),
(4317, 88, 19),
(4318, 88, 20),
(4319, 88, 21),
(4320, 88, 22),
(4321, 88, 44),
(4322, 88, 45),
(4323, 89, 2),
(4324, 89, 3),
(4325, 89, 61),
(4326, 89, 9),
(4327, 89, 18),
(4328, 89, 19),
(4329, 89, 20),
(4330, 89, 21),
(4331, 89, 22),
(4332, 89, 44),
(4333, 89, 45),
(4334, 90, 2),
(4335, 90, 3),
(4336, 90, 61),
(4337, 90, 9),
(4338, 90, 18),
(4339, 90, 19),
(4340, 90, 20),
(4341, 90, 21),
(4342, 90, 22),
(4343, 90, 44),
(4344, 90, 45),
(4345, 91, 2),
(4346, 91, 3),
(4347, 91, 61),
(4348, 91, 9),
(4349, 91, 18),
(4350, 91, 19),
(4351, 91, 20),
(4352, 91, 21),
(4353, 91, 22),
(4354, 91, 44),
(4355, 91, 45),
(4356, 92, 2),
(4357, 92, 3),
(4358, 92, 61),
(4359, 92, 9),
(4360, 92, 18),
(4361, 92, 19),
(4362, 92, 20),
(4363, 92, 21),
(4364, 92, 22),
(4365, 92, 44),
(4366, 92, 45),
(4375, 88, 2),
(4376, 88, 3),
(4377, 88, 61),
(4378, 88, 9),
(4379, 88, 18),
(4380, 88, 19),
(4381, 88, 20),
(4382, 88, 21),
(4383, 88, 22),
(4384, 88, 44),
(4385, 88, 45),
(4386, 89, 2),
(4387, 89, 3),
(4388, 89, 61),
(4389, 89, 9),
(4390, 89, 18),
(4391, 89, 19),
(4392, 89, 20),
(4393, 89, 21),
(4394, 89, 22),
(4395, 89, 44),
(4396, 89, 45),
(4397, 90, 2),
(4398, 90, 3),
(4399, 90, 61),
(4400, 90, 9),
(4401, 90, 18),
(4402, 90, 19),
(4403, 90, 20),
(4404, 90, 21),
(4405, 90, 22),
(4406, 90, 44),
(4407, 90, 45),
(4408, 91, 2),
(4409, 91, 3),
(4410, 91, 61),
(4411, 91, 9),
(4412, 91, 18),
(4413, 91, 19),
(4414, 91, 20),
(4415, 91, 21),
(4416, 91, 22),
(4417, 91, 44),
(4418, 91, 45),
(4419, 92, 2),
(4420, 92, 3),
(4421, 92, 61),
(4422, 92, 9),
(4423, 92, 18),
(4424, 92, 19),
(4425, 92, 20),
(4426, 92, 21),
(4427, 92, 22),
(4428, 92, 44),
(4429, 92, 45),
(4438, 104, 62),
(4439, 104, 9),
(4441, 104, 62),
(4442, 104, 9),
(4444, 105, 1),
(4445, 105, 2),
(4446, 105, 3),
(4447, 105, 4),
(4448, 105, 8),
(4449, 105, 9),
(4450, 105, 32),
(4451, 105, 18),
(4452, 105, 19),
(4453, 105, 20),
(4454, 105, 21),
(4455, 105, 22),
(4456, 105, 44),
(4457, 105, 45),
(4458, 106, 1),
(4459, 106, 2),
(4460, 106, 3),
(4461, 106, 4),
(4462, 106, 8),
(4463, 106, 9),
(4464, 106, 32),
(4465, 106, 18),
(4466, 106, 19),
(4467, 106, 20),
(4468, 106, 21),
(4469, 106, 22),
(4470, 106, 44),
(4471, 106, 45),
(4472, 107, 1),
(4473, 107, 2),
(4474, 107, 3),
(4475, 107, 4),
(4476, 107, 8),
(4477, 107, 9),
(4478, 107, 32),
(4479, 107, 18),
(4480, 107, 19),
(4481, 107, 20),
(4482, 107, 21),
(4483, 107, 22),
(4484, 107, 44),
(4485, 107, 45),
(4486, 108, 1),
(4487, 108, 2),
(4488, 108, 3),
(4489, 108, 4),
(4490, 108, 8),
(4491, 108, 9),
(4492, 108, 32),
(4493, 108, 18),
(4494, 108, 19),
(4495, 108, 20),
(4496, 108, 21),
(4497, 108, 22),
(4498, 108, 44),
(4499, 108, 45),
(4500, 109, 1),
(4501, 109, 2),
(4502, 109, 3),
(4503, 109, 4),
(4504, 109, 8),
(4505, 109, 9),
(4506, 109, 32),
(4507, 109, 18),
(4508, 109, 19),
(4509, 109, 20),
(4510, 109, 21),
(4511, 109, 22),
(4512, 109, 44),
(4513, 109, 45),
(4571, 93, 1),
(4572, 93, 2),
(4573, 93, 3),
(4574, 93, 4),
(4575, 93, 7),
(4576, 93, 8),
(4577, 93, 9),
(4578, 93, 32),
(4579, 93, 18),
(4580, 93, 19),
(4581, 93, 21),
(4582, 93, 22),
(4583, 93, 44),
(4584, 93, 45),
(4585, 94, 1),
(4586, 94, 2),
(4587, 94, 3),
(4588, 94, 4),
(4589, 94, 7),
(4590, 94, 8),
(4591, 94, 9),
(4592, 94, 32),
(4593, 94, 18),
(4594, 94, 19),
(4595, 94, 21),
(4596, 94, 22),
(4597, 94, 44),
(4598, 94, 45),
(4599, 95, 1),
(4600, 95, 2),
(4601, 95, 3),
(4602, 95, 4),
(4603, 95, 7),
(4604, 95, 8),
(4605, 95, 9),
(4606, 95, 32),
(4607, 95, 18),
(4608, 95, 19),
(4609, 95, 21),
(4610, 95, 22),
(4611, 95, 44),
(4612, 95, 45),
(4613, 96, 1),
(4614, 96, 2),
(4615, 96, 3),
(4616, 96, 4),
(4617, 96, 7),
(4618, 96, 8),
(4619, 96, 9),
(4620, 96, 32),
(4621, 96, 18),
(4622, 96, 19),
(4623, 96, 21),
(4624, 96, 22),
(4625, 96, 44),
(4626, 96, 45),
(4627, 97, 1),
(4628, 97, 2),
(4629, 97, 3),
(4630, 97, 4),
(4631, 97, 7),
(4632, 97, 8),
(4633, 97, 9),
(4634, 97, 32),
(4635, 97, 18),
(4636, 97, 19),
(4637, 97, 21),
(4638, 97, 22),
(4639, 97, 44),
(4640, 97, 45),
(4641, 98, 1),
(4642, 98, 2),
(4643, 98, 3),
(4644, 98, 4),
(4645, 98, 7),
(4646, 98, 8),
(4647, 98, 9),
(4648, 98, 32),
(4649, 98, 18),
(4650, 98, 19),
(4651, 98, 21),
(4652, 98, 22),
(4653, 98, 44),
(4654, 98, 45),
(4655, 99, 1),
(4656, 99, 2),
(4657, 99, 3),
(4658, 99, 4),
(4659, 99, 7),
(4660, 99, 8),
(4661, 99, 9),
(4662, 99, 32),
(4663, 99, 18),
(4664, 99, 19),
(4665, 99, 21),
(4666, 99, 22),
(4667, 99, 44),
(4668, 99, 45),
(4698, 110, 61),
(4699, 110, 8),
(4700, 110, 9),
(4701, 110, 32),
(4702, 110, 18),
(4703, 110, 19),
(4704, 110, 20),
(4705, 110, 21),
(4706, 110, 22),
(4707, 110, 44),
(4708, 110, 45),
(4709, 111, 61),
(4710, 111, 8),
(4711, 111, 9),
(4712, 111, 32),
(4713, 111, 18),
(4714, 111, 19),
(4715, 111, 20),
(4716, 111, 21),
(4717, 111, 22),
(4718, 111, 44),
(4719, 111, 45),
(4720, 112, 61),
(4721, 112, 8),
(4722, 112, 9),
(4723, 112, 32),
(4724, 112, 18),
(4725, 112, 19),
(4726, 112, 20),
(4727, 112, 21),
(4728, 112, 22),
(4729, 112, 44),
(4730, 112, 45),
(4731, 113, 61),
(4732, 113, 8),
(4733, 113, 9),
(4734, 113, 32),
(4735, 113, 18),
(4736, 113, 19),
(4737, 113, 20),
(4738, 113, 21),
(4739, 113, 22),
(4740, 113, 44),
(4741, 113, 45),
(4742, 114, 61),
(4743, 114, 8),
(4744, 114, 9),
(4745, 114, 32),
(4746, 114, 18),
(4747, 114, 19),
(4748, 114, 20),
(4749, 114, 21),
(4750, 114, 22),
(4751, 114, 44),
(4752, 114, 45),
(4753, 115, 61),
(4754, 115, 8),
(4755, 115, 9),
(4756, 115, 32),
(4757, 115, 18),
(4758, 115, 19),
(4759, 115, 20),
(4760, 115, 21),
(4761, 115, 22),
(4762, 115, 44),
(4763, 115, 45),
(4764, 116, 61),
(4765, 116, 8),
(4766, 116, 9),
(4767, 116, 32),
(4768, 116, 18),
(4769, 116, 19),
(4770, 116, 20),
(4771, 116, 21),
(4772, 116, 22),
(4773, 116, 44),
(4774, 116, 45),
(4775, 117, 61),
(4776, 117, 8),
(4777, 117, 9),
(4778, 117, 32),
(4779, 117, 18),
(4780, 117, 19),
(4781, 117, 20),
(4782, 117, 21),
(4783, 117, 22),
(4784, 117, 44),
(4785, 117, 45),
(4786, 118, 61),
(4787, 118, 8),
(4788, 118, 9),
(4789, 118, 32),
(4790, 118, 18),
(4791, 118, 19),
(4792, 118, 20),
(4793, 118, 21),
(4794, 118, 22),
(4795, 118, 44),
(4796, 118, 45),
(4797, 119, 61),
(4798, 119, 8),
(4799, 119, 9),
(4800, 119, 32),
(4801, 119, 18),
(4802, 119, 19),
(4803, 119, 20),
(4804, 119, 21),
(4805, 119, 22),
(4806, 119, 44),
(4807, 119, 45),
(4808, 120, 61),
(4809, 120, 8),
(4810, 120, 9),
(4811, 120, 32),
(4812, 120, 18),
(4813, 120, 19),
(4814, 120, 20),
(4815, 120, 21),
(4816, 120, 22),
(4817, 120, 44),
(4818, 120, 45),
(4819, 121, 61),
(4820, 121, 8),
(4821, 121, 9),
(4822, 121, 32),
(4823, 121, 18),
(4824, 121, 19),
(4825, 121, 20),
(4826, 121, 21),
(4827, 121, 22),
(4828, 121, 44),
(4829, 121, 45),
(4830, 122, 61),
(4831, 122, 8),
(4832, 122, 9),
(4833, 122, 32),
(4834, 122, 18),
(4835, 122, 19),
(4836, 122, 20),
(4837, 122, 21),
(4838, 122, 22),
(4839, 122, 44),
(4840, 122, 45),
(4841, 123, 61),
(4842, 123, 8),
(4843, 123, 9),
(4844, 123, 32),
(4845, 123, 18),
(4846, 123, 19),
(4847, 123, 20),
(4848, 123, 21),
(4849, 123, 22),
(4850, 123, 44),
(4851, 123, 45),
(4852, 124, 61),
(4853, 124, 8),
(4854, 124, 9),
(4855, 124, 32),
(4856, 124, 18),
(4857, 124, 19),
(4858, 124, 20),
(4859, 124, 21),
(4860, 124, 22),
(4861, 124, 44),
(4862, 124, 45),
(4953, 81, 1),
(4954, 81, 2),
(4955, 81, 3),
(4956, 81, 4),
(4957, 81, 7),
(4958, 81, 8),
(4959, 81, 9),
(4960, 81, 11),
(4961, 81, 32),
(4962, 81, 19),
(4963, 81, 21),
(4964, 81, 44),
(4965, 82, 1),
(4966, 82, 2),
(4967, 82, 3),
(4968, 82, 4),
(4969, 82, 7),
(4970, 82, 8),
(4971, 82, 9),
(4972, 82, 11),
(4973, 82, 32),
(4974, 82, 19),
(4975, 82, 21),
(4976, 82, 44),
(4977, 83, 1),
(4978, 83, 2),
(4979, 83, 3),
(4980, 83, 4),
(4981, 83, 7),
(4982, 83, 8),
(4983, 83, 9),
(4984, 83, 11),
(4985, 83, 32),
(4986, 83, 19),
(4987, 83, 21),
(4988, 83, 44),
(4989, 84, 1),
(4990, 84, 2),
(4991, 84, 3),
(4992, 84, 4),
(4993, 84, 7),
(4994, 84, 8),
(4995, 84, 9),
(4996, 84, 11),
(4997, 84, 32),
(4998, 84, 19),
(4999, 84, 21),
(5000, 84, 44),
(5001, 85, 1),
(5002, 85, 2),
(5003, 85, 3),
(5004, 85, 4),
(5005, 85, 7),
(5006, 85, 8),
(5007, 85, 9),
(5008, 85, 11),
(5009, 85, 32),
(5010, 85, 19),
(5011, 85, 21),
(5012, 85, 44),
(5013, 86, 1),
(5014, 86, 2),
(5015, 86, 3),
(5016, 86, 4),
(5017, 86, 7),
(5018, 86, 8),
(5019, 86, 9),
(5020, 86, 11),
(5021, 86, 32),
(5022, 86, 19),
(5023, 86, 21),
(5024, 86, 44),
(5025, 87, 1),
(5026, 87, 2),
(5027, 87, 3),
(5028, 87, 4),
(5029, 87, 7),
(5030, 87, 8),
(5031, 87, 9),
(5032, 87, 11),
(5033, 87, 32),
(5034, 87, 19),
(5035, 87, 21),
(5036, 87, 44);

-- --------------------------------------------------------

--
-- Table structure for table `projects`
--

CREATE TABLE `projects` (
  `id` int(11) NOT NULL,
  `name` varchar(255) NOT NULL,
  `description` text DEFAULT NULL,
  `image` varchar(255) DEFAULT NULL,
  `created_at` timestamp NOT NULL DEFAULT current_timestamp()
) ENGINE=InnoDB DEFAULT CHARSET=latin1;

--
-- Dumping data for table `projects`
--

INSERT INTO `projects` (`id`, `name`, `description`, `image`, `created_at`) VALUES
(1, 'Marriot Hotel, Weligama', 'Nested in the beautiful coastal city of Weligama, the first ever Marriot Hotel in Sri Lanka enters our portfolio as a distinguished and world renowned hotel brand. Carefully selected Granite and Marble were installed by our skilled craftsmen using our very own adhesives in the bathrooms and other common areas of this 200-room hotel.', 'uploads/projects/1754453893_marriot.jpg', '2025-08-06 04:18:13'),
(2, 'Colombo Racecourse', 'The Colombo Racecourse, which is an iconic development under the Colombo City beautification program launched by the government, is yet another glorious project by Exel Holdings where we took urban architecture and design to the next level. From classic interiors to crowded exteriors, our team of experts provided Italian Tiles for the Shopping areas and granite for the common areas.', 'uploads/projects/1754465067_racecourse.jpg', '2025-08-06 07:24:27'),
(3, 'Taj Samudra, Colombo', 'Adding the final touch of magic to breathe new life to the iconic Taj Samudra Hotel in Galle Face, we supplied our exclusive Marble products coupled with our world-class adhesives to not only add glamour to the overall renovation of this hotel but also longevity.', 'uploads/projects/1754465109_taj.jpg', '2025-08-06 07:25:09'),
(4, 'Eden Hotel, Beruwala', 'From the Mosaics in the pool to the Granite in rooms to the Tiles in the common areas, all tiling requirements for the Eden Hotel in Beruwala was sourced from us and the project was handled by us in its entirety. Our expertise in supplying and installing the most seemly adhesives was well-utilized during the construction of this project and also ensured a perfect finish.', 'uploads/projects/1754465136_eden.jpg', '2025-08-06 07:25:36'),
(5, 'D Pavilion Inn, Colombo', 'We are honoured to have been given the opportunity to supply and install Mosaics in the pool at D Pavilion  a boutique hotel where cricket meets sophistication, owned and managed by the Sri Lankan cricket sensation Mr. T.M. Dilshan.', 'uploads/projects/1754465161_pavilion.webp', '2025-08-06 07:26:01'),
(6, 'Bank Of Ceylon', 'Bank of Ceylon is another satisfied customer we are proud to be associated with. All adhesives and tiles were carefully selected and installed at the main branch of the Bank of Ceylon in Trincomalee.', 'uploads/projects/1754465187_boc.jpg', '2025-08-06 07:26:27'),
(7, 'Dilmah Vocational Training Centre', 'Being associated with one of the most important global tea brands that originated from Sri Lanka speaks volumes about the types of the clientele we cater to. We provided Tiles and our world-class Adhesives for all classrooms at the Dilmah Vocational Training Centre which was launched under the MJF Charitable Foundation.', 'uploads/projects/1754466029_dilmah.png', '2025-08-06 07:40:29'),
(8, 'Blue Waters, Wadduwa', 'We take pride in being associated with the last resort designed by the famous Geoffrey Bawa. Known for its beautiful but minimalistic architectural settings, the Blue Waters hotel in Wadduwa required our superior tiling products for the initial construction of the hotel as well as for the renovation that came years later.', 'uploads/projects/1754466065_blue.jpg', '2025-08-06 07:41:05'),
(9, 'Galle Face Hotel, Colombo', 'The Galle Face Hotel in Colombo is yet another proud project which boasts of our outstanding services in flooring. During the renovation of the new wing of the Galle Face hotel, we provided Granite for the lobby and other common areas thus contributing to the overall glamour of this landmark hotel in Colombo.', 'uploads/projects/1754466093_gallw.jpg', '2025-08-06 07:41:33'),
(10, 'Dialog Headquarters, Colombo', 'Being a foremost telecommunications service provider in Sri Lanka, we were honored to be selected by Dialog Axiata PLC to supply and install engineered marble for their newly constructed Headquarters at Union Place in Colombo. The engineered marble was installed in the lobby area as well as the VIP area of the headquarters.', 'uploads/projects/1754466120_dialog.jpg', '2025-08-06 07:42:00'),
(11, 'Ninewells Hospital', 'With a selection of special tiles to preserve hygiene standards and suit the conditions of each department of the hospital, a range of special tiles were installed at the hospital facility using our very own Adhesives by our team of skilled-craftsmen.', 'uploads/projects/1754466194_nine.jpg', '2025-08-06 07:43:14');

-- --------------------------------------------------------

--
-- Table structure for table `users`
--

CREATE TABLE `users` (
  `id` int(11) NOT NULL,
  `email` varchar(255) NOT NULL,
  `password` varchar(255) NOT NULL,
  `created_at` timestamp NOT NULL DEFAULT current_timestamp()
) ENGINE=InnoDB DEFAULT CHARSET=latin1;

--
-- Dumping data for table `users`
--

INSERT INTO `users` (`id`, `email`, `password`, `created_at`) VALUES
(1, 'admin@gmail.com', '$2y$10$LsZKTpBPWFL.vPfHRlPpU.1gwXZXcS4HN.FaoRFPaEhOECr21CS6W', '2025-08-05 09:53:12');

--
-- Indexes for dumped tables
--

--
-- Indexes for table `categories`
--
ALTER TABLE `categories`
  ADD PRIMARY KEY (`id`),
  ADD KEY `parent_id` (`parent_id`);

--
-- Indexes for table `category_filters`
--
ALTER TABLE `category_filters`
  ADD PRIMARY KEY (`id`),
  ADD UNIQUE KEY `unique_filter_per_category` (`category_id`,`filter_id`),
  ADD KEY `filter_id` (`filter_id`);

--
-- Indexes for table `filters`
--
ALTER TABLE `filters`
  ADD PRIMARY KEY (`id`);

--
-- Indexes for table `filter_options`
--
ALTER TABLE `filter_options`
  ADD PRIMARY KEY (`id`),
  ADD KEY `filter_id` (`filter_id`);

--
-- Indexes for table `jaquar-categories`
--
ALTER TABLE `jaquar-categories`
  ADD PRIMARY KEY (`id`),
  ADD KEY `jaquar-categories_ibfk_1` (`parent_id`);

--
-- Indexes for table `jaquar_products`
--
ALTER TABLE `jaquar_products`
  ADD PRIMARY KEY (`id`),
  ADD KEY `category_idx` (`category_id`);

--
-- Indexes for table `products`
--
ALTER TABLE `products`
  ADD PRIMARY KEY (`id`),
  ADD KEY `category_id` (`category_id`);

--
-- Indexes for table `product_filters`
--
ALTER TABLE `product_filters`
  ADD PRIMARY KEY (`id`),
  ADD KEY `product_id` (`product_id`),
  ADD KEY `filter_option_id` (`filter_option_id`);

--
-- Indexes for table `projects`
--
ALTER TABLE `projects`
  ADD PRIMARY KEY (`id`);

--
-- Indexes for table `users`
--
ALTER TABLE `users`
  ADD PRIMARY KEY (`id`),
  ADD UNIQUE KEY `email` (`email`);

--
-- AUTO_INCREMENT for dumped tables
--

--
-- AUTO_INCREMENT for table `categories`
--
ALTER TABLE `categories`
  MODIFY `id` int(11) NOT NULL AUTO_INCREMENT, AUTO_INCREMENT=38;

--
-- AUTO_INCREMENT for table `category_filters`
--
ALTER TABLE `category_filters`
  MODIFY `id` int(11) NOT NULL AUTO_INCREMENT, AUTO_INCREMENT=63;

--
-- AUTO_INCREMENT for table `filters`
--
ALTER TABLE `filters`
  MODIFY `id` int(11) NOT NULL AUTO_INCREMENT, AUTO_INCREMENT=9;

--
-- AUTO_INCREMENT for table `filter_options`
--
ALTER TABLE `filter_options`
  MODIFY `id` int(11) NOT NULL AUTO_INCREMENT, AUTO_INCREMENT=82;

--
-- AUTO_INCREMENT for table `jaquar-categories`
--
ALTER TABLE `jaquar-categories`
  MODIFY `id` int(11) NOT NULL AUTO_INCREMENT, AUTO_INCREMENT=56;

--
-- AUTO_INCREMENT for table `jaquar_products`
--
ALTER TABLE `jaquar_products`
  MODIFY `id` int(11) NOT NULL AUTO_INCREMENT, AUTO_INCREMENT=53;

--
-- AUTO_INCREMENT for table `products`
--
ALTER TABLE `products`
  MODIFY `id` int(11) NOT NULL AUTO_INCREMENT, AUTO_INCREMENT=303;

--
-- AUTO_INCREMENT for table `product_filters`
--
ALTER TABLE `product_filters`
  MODIFY `id` int(11) NOT NULL AUTO_INCREMENT, AUTO_INCREMENT=5037;

--
-- AUTO_INCREMENT for table `projects`
--
ALTER TABLE `projects`
  MODIFY `id` int(11) NOT NULL AUTO_INCREMENT, AUTO_INCREMENT=12;

--
-- AUTO_INCREMENT for table `users`
--
ALTER TABLE `users`
  MODIFY `id` int(11) NOT NULL AUTO_INCREMENT, AUTO_INCREMENT=2;

--
-- Constraints for dumped tables
--

--
-- Constraints for table `categories`
--
ALTER TABLE `categories`
  ADD CONSTRAINT `categories_ibfk_1` FOREIGN KEY (`parent_id`) REFERENCES `categories` (`id`) ON DELETE CASCADE;

--
-- Constraints for table `category_filters`
--
ALTER TABLE `category_filters`
  ADD CONSTRAINT `category_filters_ibfk_1` FOREIGN KEY (`category_id`) REFERENCES `categories` (`id`) ON DELETE CASCADE,
  ADD CONSTRAINT `category_filters_ibfk_2` FOREIGN KEY (`filter_id`) REFERENCES `filters` (`id`) ON DELETE CASCADE;

--
-- Constraints for table `filter_options`
--
ALTER TABLE `filter_options`
  ADD CONSTRAINT `filter_options_ibfk_1` FOREIGN KEY (`filter_id`) REFERENCES `filters` (`id`) ON DELETE CASCADE;

--
-- Constraints for table `jaquar-categories`
--
ALTER TABLE `jaquar-categories`
  ADD CONSTRAINT `jaquar-categories_ibfk_1` FOREIGN KEY (`parent_id`) REFERENCES `jaquar-categories` (`id`) ON DELETE CASCADE;

--
-- Constraints for table `jaquar_products`
--
ALTER TABLE `jaquar_products`
  ADD CONSTRAINT `fk_jaquar_category` FOREIGN KEY (`category_id`) REFERENCES `jaquar-categories` (`id`) ON DELETE CASCADE;

--
-- Constraints for table `products`
--
ALTER TABLE `products`
  ADD CONSTRAINT `products_ibfk_1` FOREIGN KEY (`category_id`) REFERENCES `categories` (`id`);

--
-- Constraints for table `product_filters`
--
ALTER TABLE `product_filters`
  ADD CONSTRAINT `product_filters_ibfk_1` FOREIGN KEY (`product_id`) REFERENCES `products` (`id`) ON DELETE CASCADE,
  ADD CONSTRAINT `product_filters_ibfk_2` FOREIGN KEY (`filter_option_id`) REFERENCES `filter_options` (`id`) ON DELETE CASCADE;
COMMIT;

/*!40101 SET CHARACTER_SET_CLIENT=@OLD_CHARACTER_SET_CLIENT */;
/*!40101 SET CHARACTER_SET_RESULTS=@OLD_CHARACTER_SET_RESULTS */;
/*!40101 SET COLLATION_CONNECTION=@OLD_COLLATION_CONNECTION */;
